GuideSeq	DeepScore	eff	ordEff
GGTTGTCGGGCAGCAGCACGGGG	0.51194816827774	0.500091817538307	1
ATGCCGAGAGTGATCCCGGCGGC	0.663991928100586	0.531332538194849	2
GGCCATGATATAGACGTTGTGGC	0.657937061786652	0.54083647657158	3
TCAGGGTGGTCACGAGGGTGGGC	0.289420318603516	0.663274976936228	4
TTGTCGGGCAGCAGCACGGGGCC	0.449297153949738	0.675367753806231	5
GTGGTCACGAGGGTGGGCCAGGG	0.337875771522522	0.677435165173506	6
TGGTCGGCGAGCTGCACGCTGCC	0.591969960927963	0.734578931357031	7
TCTCGTTGGGGTCTTTGCTCAGG	0.344748044013977	0.740168004568569	8
GGTGGGCCAGGGCACGGGCAGCT	0.470703935623169	0.749372529991223	9
CGAGGGTGGGCCAGGGCACGGGC	0.266596508026123	0.750866599710054	10
TGCTCAGGGCGGACTGGGTGCTC	0.276713860034943	0.752262625656141	11
TCGTCCATGCCGAGAGTGATCCC	0.659047508239746	0.767012823036921	12
AGGGTGGTCACGAGGGTGGGCCA	0.329684793949127	0.770354375485082	13
GTTCTGCTGGTAGTGGTCGGCGA	0.695287603139877	0.771522917429901	14
TCGTTGGGGTCTTTGCTCAGGGC	0.516483235359192	0.776637031810003	15
GAGAGTGATCCCGGCGGCGGTCA	0.380673444271088	0.777976680557515	16
TCACGAGGGTGGGCCAGGGCACG	0.264239805936813	0.778827084266666	17
CGAGAGTGATCCCGGCGGCGGTC	0.499059182405472	0.779299926941275	18
GCTCGTCCATGCCGAGAGTGATC	0.531419545412064	0.781351897896352	19
CCATGCCGAGAGTGATCCCGGCG	0.636909359693527	0.784891166781186	20
TAGGTCAGGGTGGTCACGAGGGT	0.389077985286713	0.78621427386721	21
GGGTCAGCTTGCCGTAGGTGGCA	0.804487919807434	0.791427448934919	22
GAGTGATCCCGGCGGCGGTCACG	0.417692220211029	0.793546628997023	23
TGGTGCAGATGAACTTCAGGGTC	0.585390877723694	0.804636923504065	24
TTCGGGCATGGCGGACTTGAAGA	0.403987234830856	0.806749462687552	25
GGGCCAGGGCACGGGCAGCTTGC	0.331077373027801	0.815692195958759	26
GGCGAGCTGCACGCTGCCGTCCT	0.772796952724457	0.816149237158951	27
GGGGTCTTTGCTCAGGGCGGACT	0.412036299705505	0.818465704565587	28
GGTCAGCTTGCCGTAGGTGGCAT	0.783355176448822	0.819701265816861	29
GGTCGGCGAGCTGCACGCTGCCG	0.797986221313477	0.820370113029916	30
GCTTCTCGTTGGGGTCTTTGCTC	0.358942818641663	0.824000686637126	31
TTCTCGTTGGGGTCTTTGCTCAG	0.400016415119171	0.82695861442388	32
GGTGGTCACGAGGGTGGGCCAGG	0.432698398828506	0.827471071090738	33
GGCGCGGGTCTTGTAGTTGCCGT	0.474547189474106	0.829255859656483	34
CAGGGCGGACTGGGTGCTCAGGT	0.302011281251907	0.834783864800515	35
GAGGGTGGGCCAGGGCACGGGCA	0.320619750022888	0.835247896624964	36
TGGTCACGAGGGTGGGCCAGGGC	0.539255052804947	0.839544124083762	37
TGTTCTGCTGGTAGTGGTCGGCG	0.703280740976334	0.847278663185	38
CATGCCGAGAGTGATCCCGGCGG	0.622632992267609	0.847690929488065	39
TCCATGCCGAGAGTGATCCCGGC	0.572616982460022	0.84932152331342	40
GTGGTCGGGGTAGCGGCTGAAGC	0.405709004402161	0.862182682191016	41
CGCCGTAGGTCAGGGTGGTCACG	0.442255699634552	0.864850632100441	42
GGCCAGGGCACGGGCAGCTTGCC	0.439035964012146	0.867471653138688	43
CCGGCGGCGGTCACGAACTCCAG	0.46997891664505	0.868138051941974	44
ACGTAGCCTTCGGGCATGGCGGA	0.628648364543915	0.873391709229151	45
CACGAGGGTGGGCCAGGGCACGG	0.250193238258362	0.877339232713144	46
CTTCATGTGGTCGGGGTAGCGGC	0.406332051753998	0.878616782031808	47
GCCTTCGGGCATGGCGGACTTGA	0.208666050434113	0.88410352236711	48
GGGTAGCGGCTGAAGCACTGCAC	0.581573569774628	0.892498638230137	49
GTTGTCGGGCAGCAGCACGGGGC	0.532855540513992	0.893161353047696	50
ACGCTGCCGTCCTCGATGTTGTG	0.658350133895874	0.895226273019063	51
GTGATCCCGGCGGCGGTCACGAA	0.300254940986633	0.898406289016519	52
GTACAGCTCGTCCATGCCGAGAG	0.64267013669014	0.904444420343999	53
CTTCTGCTTGTCGGCCATGATAT	0.212179177999496	0.920679263069265	54
ACCTCGGCGCGGGTCTTGTAGTT	0.255865108966827	0.923433486353957	55
CTCAGGGCGGACTGGGTGCTCAG	0.327307379245758	0.92405238202038	56
CGGGCAGCTTGCCGGTGGTGCAG	0.705477666854858	0.925639747557422	57
CGGCGCGGGTCTTGTAGTTGCCG	0.747555673122406	0.927889004414847	58
AGGTCAGGGTGGTCACGAGGGTG	0.347239345312119	0.929602417603233	59
CTGCCGTCCTCGATGTTGTGGCG	0.889870762825012	0.943589025652306	60
GCACGGGCAGCTTGCCGGTGGTG	0.559990096092224	0.944066420820687	61
CGGACACGCTGAACTTGTGGCCG	0.8697394490242	0.944452435253031	62
TGGGCACCACCCCGGTGAACAGC	0.832364904880524	0.945775098848175	63
GGTCGGGGTAGCGGCTGAAGCAC	0.497513753175735	0.946568903754992	64
GCCGAGAGTGATCCCGGCGGCGG	0.542877852916718	0.94701778299404	65
CTGGTAGTGGTCGGCGAGCTGCA	0.56182022690773	0.949430092588337	66
GATCTTGAAGTTCACCTTGATGC	0.518376976251602	0.950639175845598	67
CCGTCCTCGATGTTGTGGCGGAT	0.645128214359283	0.950846838087176	68
GTAGTTGCCGTCGTCCTTGAAGA	0.411964774131775	0.950893539607965	69
GGCATGGCGGACTTGAAGAAGTC	0.241503638029099	0.95125866626882	70
GATGGGCACCACCCCGGTGAACA	0.43643946647644	0.953389199545552	71
GTTGTGGCTGTTGTAGTTGTACT	0.694989013671875	0.957894927758092	72
GTCTTTGCTCAGGGCGGACTGGG	0.30839569568634	0.961065436851653	73
AGCTCGACCAGGATGGGCACCAC	0.440152657032013	0.961643202940005	74
GGATGTTGCCGTCCTCCTTGAAG	0.404145294427872	0.961756770880916	75
CTCGATGCGGTTCACCAGGGTGT	0.397202897071838	0.962509026447125	76
GGGTCTTTGCTCAGGGCGGACTG	0.332389539480209	0.965773459456718	77
CCGTCCAGCTCGACCAGGATGGG	0.448240798711777	0.969977786253587	78
GTCAGGGTGGTCACGAGGGTGGG	0.208252394199371	0.971231198827356	79
GCTCGACCAGGATGGGCACCACC	0.492114824056625	0.973550356176541	80
GCTTGCCGTAGGTGGCATCGCCC	0.603255957365036	0.9741153122102	81
GACTTGAAGAAGTCGTGCTGCTT	0.441434633731842	0.981288791011806	82
GTCGGGCAGCAGCACGGGGCCGT	0.435362368822098	0.992033074361237	83
GACGTTGTGGCTGTTGTAGTTGT	0.580698782205582	0.992129860681835	84
GGGCAGCTTGCCGGTGGTGCAGA	0.676452678442001	0.995388440498317	85
TCCTGGACGTAGCCTTCGGGCAT	0.617258238792419	1.00102024073719	86
TCGGCGAGCTGCACGCTGCCGTC	0.621867406368256	1.00163744777238	87
GTCCAGCTCGACCAGGATGGGCA	0.751732695102692	1.00650749014208	88
CCTCGGCGCGGGTCTTGTAGTTG	0.397420454025269	1.0077867600393	89
TGGCGGACTTGAAGAAGTCGTGC	0.541246712207794	1.0098529355936	90
GCCATGATATAGACGTTGTGGCT	0.615314865112305	1.01202476116774	91
GGGTGTTCTGCTGGTAGTGGTCG	0.859239518642426	1.01241110863051	92
CACCTCGGCGCGGGTCTTGTAGT	0.274260497093201	1.01252980820074	93
GATGTTGCCGTCCTCCTTGAAGT	0.298110371828079	1.0138117692691	94
AGGGTGGGCCAGGGCACGGGCAG	0.32438240647316	1.01939756134299	95
TCGGGCAGCAGCACGGGGCCGTC	0.402797293663025	1.02218254915086	96
TTCTGCTGGTAGTGGTCGGCGAG	0.608395326137543	1.02394447663797	97
AACTCCAGCAGGACCATGTGATC	0.549394154548645	1.03234027615909	98
CCAGGATGGGCACCACCCCGGTG	0.405881327390671	1.03374670107121	99
GGCTGAAGCACTGCACGCCGTAG	0.666900169849396	1.04087092220645	100
AGCTCGTCCATGCCGAGAGTGAT	0.365170806646347	1.04643893564774	101
TGGTAGTGGTCGGCGAGCTGCAC	0.577106958627701	1.04691009352936	102
TGTGATCGCGCTTCTCGTTGGGG	0.836636579036713	1.04982290328838	103
TAGTGGTCGGCGAGCTGCACGCT	0.49583688378334	1.05305498151636	104
CGGGCATGGCGGACTTGAAGAAG	0.390585249662399	1.05584348989091	105
TGTAGTTGCCGTCGTCCTTGAAG	0.54642459154129	1.05791829246018	106
AAGTCGTGCTGCTTCATGTGGTC	0.643671941757202	1.05837243423214	107
GTGCTGCTTCATGTGGTCGGGGT	0.772145009040832	1.06153415181561	108
TGTACAGCTCGTCCATGCCGAGA	0.488785368204117	1.06221916239238	109
GTGGCGGATCTTGAAGTTCACCT	0.444690358638763	1.06376907650131	110
TAGTTGCCGTCGTCCTTGAAGAA	0.258353227376938	1.07113578964246	111
GGTCAGGGTGGTCACGAGGGTGG	0.232258331775665	1.07426435620701	112
GACCAGGATGGGCACCACCCCGG	0.333861964941025	1.07831525838004	113
CAGGGCACGGGCAGCTTGCCGGT	0.492501801252365	1.0861200078464	114
AGGGCGGACTGGGTGCTCAGGTA	0.280428850650787	1.08797532103435	115
GCTGCCGTCCTCGATGTTGTGGC	0.87037547826767	1.09495433215956	116
TCCAGCTCGACCAGGATGGGCAC	0.824164605140686	1.09644293284683	117
TTCTGCTTGTCGGCCATGATATA	0.167835438251495	1.09786172077035	118
CACTGCACGCCGTAGGTCAGGGT	0.573318541049957	1.10030707061496	119
TTGATGCCGTTCTTCTGCTTGTC	0.61071754693985	1.10456059407605	120
GCTTGTCGGCCATGATATAGACG	0.754498195648193	1.10477851338917	121
GGTGGTGCAGATGAACTTCAGGG	0.688576620817184	1.10545078932209	122
GGGTGGGCCAGGGCACGGGCAGC	0.514595913887024	1.10561483544544	123
CTTCGGGCATGGCGGACTTGAAG	0.37411715388298	1.10950177011617	124
TGCTGCTTCATGTGGTCGGGGTA	0.716048836708069	1.11771351652279	125
TTTACGTCGCCGTCCAGCTCGAC	0.673801553249359	1.1181465527699	126
GGCGGATCTTGAAGTTCACCTTG	0.249102538824081	1.12307383831215	127
CCGAGAGTGATCCCGGCGGCGGT	0.588838839530945	1.1256825668169	128
GGGCACGGGCAGCTTGCCGGTGG	0.376642489433289	1.13137387598595	129
TGGTTGTCGGGCAGCAGCACGGG	0.561573731899262	1.13405156075685	130
TGCCGTTCTTCTGCTTGTCGGCC	0.846542131900787	1.13435088390446	131
GCTGGTAGTGGTCGGCGAGCTGC	0.450758248567581	1.14686979960284	132
GCTGCTTCATGTGGTCGGGGTAG	0.667350208759308	1.16033992816273	133
CTTGAAGTCGATGCCCTTCAGCT	0.457137799263	1.16743143038415	134
GCAGGACCATGTGATCGCGCTTC	0.689668697118759	1.17720001007002	135
GTAGCCTTCGGGCATGGCGGACT	0.417290312051773	1.17898136696513	136
CGCCGGACACGCTGAACTTGTGG	0.74328585267067	1.18099357676747	137
TGTCGGGCAGCAGCACGGGGCCG	0.62866952419281	1.18293920865961	138
TCTTTGCTCAGGGCGGACTGGGT	0.401377707719803	1.18735291798201	139
GTGGGCCAGGGCACGGGCAGCTT	0.301144683361053	1.19148737229726	140
GGTAGTGGTCGGCGAGCTGCACG	0.414921015501022	1.19423454477958	141
AGCCTTCGGGCATGGCGGACTTG	0.290290606021881	1.19478732443427	142
CGCTTCTCGTTGGGGTCTTTGCT	0.278309273719788	1.19574756860959	143
GGTTCACCAGGGTGTCGCCCTCG	0.490685397386551	1.19605474859435	144
TGTGGCTGTTGTAGTTGTACTCC	0.640724116563797	1.19607096791515	145
TCAGGTAGTGGTTGTCGGGCAGC	0.584773969650269	1.20140702455643	146
TGCCGGTGGTGCAGATGAACTTC	0.1633633852005	1.2050594006214	147
ATGTTGTGGCGGATCTTGAAGTT	0.214636904001236	1.21087521203529	148
CCAGGGTGTCGCCCTCGAACTTC	0.204541653394699	1.22291820762848	149
AGTTCACCTTGATGCCGTTCTTC	0.38273594379425	1.22306832064337	150
GGACACGCTGAACTTGTGGCCGT	0.714729881286621	1.23399284276038	151
TGTCGGCCATGATATAGACGTTG	0.552017766237259	1.23593551365383	152
GTTCACCAGGGTGTCGCCCTCGA	0.386440998315811	1.23731778185361	153
GTGGCATCGCCCTCGCCCTCGCC	0.670636039972305	1.24390304589699	154
TACAGCTCGTCCATGCCGAGAGT	0.478856128454208	1.24559257500229	155
CATGTGGTCGGGGTAGCGGCTGA	0.20682824254036	1.24933618942059	156
CGGACTTGAAGAAGTCGTGCTGC	0.715821123123169	1.26575715745854	157
CTTGTGCCCCAGGATGTTGCCGT	0.650916457176208	1.27729901854045	158
GGACTGGGTGCTCAGGTAGTGGT	0.303679722547531	1.27850452391222	159
TTCATGTGGTCGGGGTAGCGGCT	0.206500113010406	1.28007932356804	160
AAGTCGATGCCCTTCAGCTCGAT	0.398487079143524	1.28215769882144	161
TAGCGGCTGAAGCACTGCACGCC	0.798356449604034	1.28349591998887	162
CGTTGTGGCTGTTGTAGTTGTAC	0.745103931427002	1.28399859866078	163
GCATCGCCCTCGCCCTCGCCGGA	0.569214135408401	1.28480817157531	164
CTCGAACTTCACCTCGGCGCGGG	0.733152306079864	1.28603269621439	165
GACACGCTGAACTTGTGGCCGTT	0.374641788005829	1.29128467748392	166
CGTCCTCGATGTTGTGGCGGATC	0.765748798847198	1.29472249117	167
GGTGCAGATGAACTTCAGGGTCA	0.585551768541336	1.29596528481054	168
GCCCTCGAACTTCACCTCGGCGC	0.771306812763214	1.29843392921802	169
TGGGTGCTCAGGTAGTGGTTGTC	0.666484773159027	1.29905090161811	170
TTGGGGTCTTTGCTCAGGGCGGA	0.458550071716309	1.30296841431369	171
GAACTTCACCTCGGCGCGGGTCT	0.495594155788422	1.30533216677385	172
GCTCGATGCGGTTCACCAGGGTG	0.556719505786896	1.30780150832334	173
TCGAACTTCACCTCGGCGCGGGT	0.754114043712616	1.30964158826067	174
CTGCTGGTAGTGGTCGGCGAGCT	0.583399105072022	1.30983174123881	175
CTCGGCGCGGGTCTTGTAGTTGC	0.570926243066788	1.31397608747583	176
GCACGCTGCCGTCCTCGATGTTG	0.406403881311417	1.31555294935201	177
GTGATCGCGCTTCTCGTTGGGGT	0.631462419033051	1.31783432921746	178
GCGGACTTGAAGAAGTCGTGCTG	0.66041014790535	1.32264454830528	179
CCATGTGATCGCGCTTCTCGTTG	0.490731918811798	1.32430738827129	180
AGTGGTCGGCGAGCTGCACGCTG	0.517184907197952	1.33741408884672	181
GGCCGTTTACGTCGCCGTCCAGC	0.708556568622589	1.33970157693279	182
TCACCTCGGCGCGGGTCTTGTAG	0.360842543840408	1.34483584402144	183
CGCTGAACTTGTGGCCGTTTACG	0.648638713359833	1.34603740470893	184
GTTGGGGTCTTTGCTCAGGGCGG	0.628883874416351	1.34707551651792	185
GTGGTCGGCGAGCTGCACGCTGC	0.508796864748001	1.34754444773837	186
TGCACGCCGTAGGTCAGGGTGGT	0.358280575275421	1.3549081727846	187
CTTCAGGGTCAGCTTGCCGTAGG	0.4311583340168	1.36018817087096	188
GTCCATGCCGAGAGTGATCCCGG	0.527574723958969	1.36158681591303	189
GTCGTGCTGCTTCATGTGGTCGG	0.804213452339172	1.36193768299772	190
TTGCCGGTGGTGCAGATGAACTT	0.155006945133209	1.36726008958082	191
GCCGTTCTTCTGCTTGTCGGCCA	0.87569944858551	1.37241759842151	192
CGGGTCTTGTAGTTGCCGTCGTC	0.758026075363159	1.38194167912717	193
CGTCCTTGAAGAAGATGGTGCGC	0.834117293357849	1.383493023925	194
CTTGTAGTTGCCGTCGTCCTTGA	0.339973777532578	1.3862504093476	195
GGGCGGACTGGGTGCTCAGGTAG	0.447968697547913	1.39216246704337	196
TGATGCCGTTCTTCTGCTTGTCG	0.786168467998505	1.39793528840984	197
CCTTCAGCTCGATGCGGTTCACC	0.664807540178299	1.39930784477743	198
GCCCCAGGATGTTGCCGTCCTCC	0.456746816635132	1.40132304476055	199
GGTAGTGGTTGTCGGGCAGCAGC	0.337502670288086	1.40403287175181	200
ACCTTGATGCCGTTCTTCTGCTT	0.418645119667053	1.41197754839351	201
TGCCCTTCAGCTCGATGCGGTTC	0.724374026060104	1.41417651034882	202
TGTGCCCCAGGATGTTGCCGTCC	0.800027072429657	1.41556613775311	203
GTCTTGTAGTTGCCGTCGTCCTT	0.405003029108047	1.41749310514339	204
GAGCTGCACGCTGCCGTCCTCGA	0.575456464290619	1.4177889275989	205
TGGCGGATCTTGAAGTTCACCTT	0.215403938293457	1.41819890306432	206
TGAAGCACTGCACGCCGTAGGTC	0.621120476722717	1.41851294417053	207
GTAGGTGGCATCGCCCTCGCCCT	0.395657706260681	1.42361768350285	208
GTGTCGCCCTCGAACTTCACCTC	0.396258676052094	1.4238187394236	209
CCCTCGAACTTCACCTCGGCGCG	0.710871684551239	1.42428410584051	210
TTGCCGTAGGTGGCATCGCCCTC	0.389747375249863	1.42525235440831	211
GGGTCTTGTAGTTGCCGTCGTCC	0.790771484375	1.42687237414153	212
TTACGTCGCCGTCCAGCTCGACC	0.651942825317383	1.42931354016436	213
GGCACGGGCAGCTTGCCGGTGGT	0.374215149879456	1.43229278811466	214
GTCGCCGTCCAGCTCGACCAGGA	0.718366813659668	1.43339628692414	215
CACGCCGTAGGTCAGGGTGGTCA	0.414236080646515	1.43509674954369	216
CCGTCCTCCTTGAAGTCGATGCC	0.650049531459808	1.43703099069476	217
TCGCCGGACACGCTGAACTTGTG	0.632550305128098	1.43939171059316	218
GCACTGCACGCCGTAGGTCAGGG	0.637461739778519	1.43966348208276	219
GTGTTCTGCTGGTAGTGGTCGGC	0.707362830638885	1.44028497693498	220
CCGTAGGTCAGGGTGGTCACGAG	0.431744909286499	1.44482238583103	221
ACTTCACCTCGGCGCGGGTCTTG	0.265142023563385	1.44513012434597	222
CTTTGCTCAGGGCGGACTGGGTG	0.497955268621445	1.4499495225635	223
TTGTGGCTGTTGTAGTTGTACTC	0.709687608480454	1.45136934879856	224
GATGCGGTTCACCAGGGTGTCGC	0.551817387342453	1.45240285228045	225
AGTCGTGCTGCTTCATGTGGTCG	0.80008841753006	1.45351057488799	226
GCGCGGGTCTTGTAGTTGCCGTC	0.540087652206421	1.45862229993804	227
AGCTCGATGCGGTTCACCAGGGT	0.554253530502319	1.46677777820295	228
ACGTTGTGGCTGTTGTAGTTGTA	0.475070190429688	1.4717815907147	229
GATCGCGCTTCTCGTTGGGGTCT	0.587907159328461	1.47564417428663	230
CGTAGGTCAGGGTGGTCACGAGG	0.537210547924042	1.47892403580658	231
GATGCCGTTCTTCTGCTTGTCGG	0.836339616775513	1.48351997473332	232
CGGCTGAAGCACTGCACGCCGTA	0.614723628759384	1.48779862396818	233
CACGAACTCCAGCAGGACCATGT	0.396979993581772	1.49114050647723	234
CAGCTTGCCGTAGGTGGCATCGC	0.547764056921005	1.49349399949661	235
TTCAGGGTCAGCTTGCCGTAGGT	0.496386355161667	1.50194642840858	236
AACTTGTGGCCGTTTACGTCGCC	0.609508430957794	1.50273923780454	237
GGGCATGGCGGACTTGAAGAAGT	0.259173667430878	1.50373019049265	238
GTGCCCCAGGATGTTGCCGTCCT	0.677291786670685	1.50749962627166	239
AGGGCACGGGCAGCTTGCCGGTG	0.485842001438141	1.50933371022609	240
CGTGCTGCTTCATGTGGTCGGGG	0.756186437606811	1.51593272220803	241
GCGGTCACGAACTCCAGCAGGAC	0.900595760345459	1.51674275559945	242
GGTCACGAACTCCAGCAGGACCA	0.762529176473618	1.52335237224516	243
GTAGCGGCTGAAGCACTGCACGC	0.698451411724091	1.53169446474614	244
GTGCGCTCCTGGACGTAGCCTTC	0.315937113761902	1.53397206653938	245
GCCCTTCAGCTCGATGCGGTTCA	0.666122162342072	1.53710840810808	246
CGGGGTAGCGGCTGAAGCACTGC	0.582914930582046	1.54216812396441	247
TGGCTGTTGTAGTTGTACTCCAG	0.780759000778198	1.54810982473155	248
CAGCTCGTCCATGCCGAGAGTGA	0.382721108198166	1.54848619828435	249
GTCCTCGATGTTGTGGCGGATCT	0.446763217449188	1.55184152697865	250
GTCGGCCATGATATAGACGTTGT	0.544964534044266	1.55604528805415	251
GAAGATGGTGCGCTCCTGGACGT	0.441646206378937	1.55757146494856	252
GTCGCCCTCGAACTTCACCTCGG	0.539146608114243	1.57084666676054	253
TCAGGGTCAGCTTGCCGTAGGTG	0.6860331594944	1.5748881800498	254
CTTGTGGCCGTTTACGTCGCCGT	0.611750668287277	1.57588973099746	255
AGCAGGACCATGTGATCGCGCTT	0.570960706472397	1.57659622730156	256
GGCGGACTGGGTGCTCAGGTAGT	0.496990472078323	1.57704157623362	257
GCGGCTGAAGCACTGCACGCCGT	0.737574112415314	1.5833667013834	258
TCGGCCATGATATAGACGTTGTG	0.485399699211121	1.58706585636304	259
CTCGTTGGGGTCTTTGCTCAGGG	0.427234941720963	1.59894423416918	260
CGATGCCCTTCAGCTCGATGCGG	0.779887878894806	1.60021308274367	261
GCGGGTCTTGTAGTTGCCGTCGT	0.725582802295685	1.61590555382061	262
CAGCTCGATGCGGTTCACCAGGG	0.670889294147491	1.62060114763151	263
GGTGAACAGCTCCTCGCCCTTGC	0.547855538129806	1.62206165939216	264
CAGCAGGACCATGTGATCGCGCT	0.797947859764099	1.62432117891497	265
TCTTGAAGTTCACCTTGATGCCG	0.748019874095917	1.62432497582413	266
AGTTGCCGTCGTCCTTGAAGAAG	0.49280709028244	1.62815983311024	267
AGGTGGCATCGCCCTCGCCCTCG	0.378598588705063	1.63496992518917	268
CTTGAAGTTCACCTTGATGCCGT	0.675691139698029	1.63597754917044	269
ATGGTGCGCTCCTGGACGTAGCC	0.759899759292603	1.63609925517213	270
TGCCGTCGTCCTTGAAGAAGATG	0.403025448322296	1.63995958601608	271
CGAACTTCACCTCGGCGCGGGTC	0.66825213432312	1.64151436486483	272
GCCGTTTACGTCGCCGTCCAGCT	0.687075877189636	1.64919248925762	273
TCGCCCTCGAACTTCACCTCGGC	0.858506536483765	1.64963091446559	274
GTTGTAGTTGTACTCCAGCTTGT	0.342217582464218	1.65358207701238	275
ACCAGGATGGGCACCACCCCGGT	0.3696304500103	1.65367185523487	276
ATGAACTTCAGGGTCAGCTTGCC	0.4522589802742	1.66940102066639	277
CGCGCTTCTCGTTGGGGTCTTTG	0.256078660488129	1.6766479171493	278
TGAACTTGTGGCCGTTTACGTCG	0.521060472726822	1.67665402575829	279
TTGTAGTTGCCGTCGTCCTTGAA	0.299988210201263	1.67930523720883	280
GTAGTTGTACTCCAGCTTGTGCC	0.809092020988464	1.67984742724677	281
GCTCAGGTAGTGGTTGTCGGGCA	0.840060496330261	1.68225254384819	282
CTCGCCGGACACGCTGAACTTGT	0.37700702548027	1.68497932240971	283
CCTCGCCCTCGCCGGACACGCTG	0.506072837114334	1.68816415840794	284
CCCAGGATGTTGCCGTCCTCCTT	0.311142879724503	1.69788862061679	285
GCGAGCTGCACGCTGCCGTCCTC	0.630112451314926	1.7007793731468	286
GCAGCTTGCCGGTGGTGCAGATG	0.345540803670883	1.70774709579894	287
GTCACGAACTCCAGCAGGACCAT	0.474241226911545	1.70806158268899	288
ATGGGCACCACCCCGGTGAACAG	0.658186030387878	1.72468066353169	289
TTGAAGAAGATGGTGCGCTCCTG	0.52428959608078	1.72746564713166	290
GATGCCCTTCAGCTCGATGCGGT	0.716657745838165	1.73477857558004	291
CGTAGGTGGCATCGCCCTCGCCC	0.449871283769608	1.75082541131544	292
AGCACTGCACGCCGTAGGTCAGG	0.684692698717117	1.75383771849462	293
ATGCCCTTCAGCTCGATGCGGTT	0.571963995695114	1.75775406555423	294
GCGGCGGTCACGAACTCCAGCAG	0.638353282213211	1.76105581527071	295
ACTGGGTGCTCAGGTAGTGGTTG	0.443927806615829	1.76232243682293	296
GTGCAGATGAACTTCAGGGTCAG	0.731252861022949	1.76896029290894	297
TGGGCCAGGGCACGGGCAGCTTG	0.307664048671722	1.77709674493274	298
CTGTTGTAGTTGTACTCCAGCTT	0.383567517995834	1.77811208831059	299
CGTTCTTCTGCTTGTCGGCCATG	0.665739113092423	1.78171086406906	300
TTCTTCTGCTTGTCGGCCATGAT	0.253587448596954	1.78193955459044	301
GCTTCATGTGGTCGGGGTAGCGG	0.488085585832596	1.78588580152571	302
GAAGAAGTCGTGCTGCTTCATGT	0.420724987983704	1.7859936497158	303
AGATGAACTTCAGGGTCAGCTTG	0.379014921188355	1.79382654924736	304
TTCACCTCGGCGCGGGTCTTGTA	0.303709506988525	1.79576348836179	305
GAAGTCGTGCTGCTTCATGTGGT	0.615251570940018	1.79664234276595	306
TGCCCCAGGATGTTGCCGTCCTC	0.531955456733704	1.79868937050663	307
ACCACCCCGGTGAACAGCTCCTC	0.398597687482834	1.80307163308916	308
CAGGATGTTGCCGTCCTCCTTGA	0.240620762109756	1.81106267256238	309
CATGTGATCGCGCTTCTCGTTGG	0.60743961930275	1.82039590078813	310
GCCGGTGGTGCAGATGAACTTCA	0.192714667320251	1.83509955610447	311
GCGCTCCTGGACGTAGCCTTCGG	0.499889302253723	1.83695663046447	312
ACTTGTGGCCGTTTACGTCGCCG	0.728287494182587	1.83872708727406	313
ACCATGTGATCGCGCTTCTCGTT	0.454428023099899	1.84100442579402	314
GCGCTTCTCGTTGGGGTCTTTGC	0.35179648399353	1.84175802353057	315
CTGCACGCCGTAGGTCAGGGTGG	0.480168473720551	1.84389770927769	316
GGTGTTCTGCTGGTAGTGGTCGG	0.787324202060699	1.8484175586528	317
TGCTTCATGTGGTCGGGGTAGCG	0.540114408731461	1.8540635757424	318
TGATCGCGCTTCTCGTTGGGGTC	0.701355355978012	1.86125459823459	319
AGCTGCACGCTGCCGTCCTCGAT	0.517909264564514	1.8623546840139	320
CGGTTCACCAGGGTGTCGCCCTC	0.467393255233765	1.86585345478669	321
GTTGTACTCCAGCTTGTGCCCCA	0.671858495473862	1.87070224381733	322
GATATAGACGTTGTGGCTGTTGT	0.61427184343338	1.87119170747761	323
TCGCGCTTCTCGTTGGGGTCTTT	0.192536669969559	1.8739550242821	324
GTAGTGGTCGGCGAGCTGCACGC	0.476976835727692	1.87552551313019	325
TTGTCGGCCATGATATAGACGTT	0.376866734027863	1.88122953627369	326
CTGGACGTAGCCTTCGGGCATGG	0.498358958959579	1.88545684778883	327
GTTGCCGTCGTCCTTGAAGAAGA	0.320954704284668	1.88605716012314	328
ATCCCGGCGGCGGTCACGAACTC	0.370455175638199	1.88873286314331	329
TGCAGATGAACTTCAGGGTCAGC	0.799255454540253	1.90625691434716	330
GTTTACGTCGCCGTCCAGCTCGA	0.665211623907089	1.90673822654274	331
GCCCTCGCCGGACACGCTGAACT	0.280445432662964	1.90696330797919	332
TCACCTTGATGCCGTTCTTCTGC	0.478852128982544	1.91384829069354	333
TGCACGCTGCCGTCCTCGATGTT	0.347267723083496	1.91754042629629	334
GGTCTTGTAGTTGCCGTCGTCCT	0.770105016231537	1.92046510457214	335
GCAGATGAACTTCAGGGTCAGCT	0.528016060590744	1.92155512895896	336
TGTTGTAGTTGTACTCCAGCTTG	0.39847537279129	1.9303551097544	337
GGCATCGCCCTCGCCCTCGCCGG	0.552724027633667	1.93264572968609	338
TCACGAACTCCAGCAGGACCATG	0.425797909498215	1.93641467044007	339
CACCACCCCGGTGAACAGCTCCT	0.499785405397415	1.94152097811903	340
CCTCGAACTTCACCTCGGCGCGG	0.716802316904068	1.9457732684177	341
CGGTGGTGCAGATGAACTTCAGG	0.620358282327652	1.94730628114535	342
AGGACCATGTGATCGCGCTTCTC	0.358957374095917	1.95706854627334	343
CGGTGAACAGCTCCTCGCCCTTG	0.411437624692917	1.96337215231706	344
CAGGACCATGTGATCGCGCTTCT	0.38549120426178	1.96410671111562	345
GAAGTCGATGCCCTTCAGCTCGA	0.544966238737106	1.96483362913599	346
TGAAGAAGTCGTGCTGCTTCATG	0.506233179569244	1.96748045259765	347
CCAGGGCACGGGCAGCTTGCCGG	0.531814658641815	1.97702451360589	348
GTTCTTCTGCTTGTCGGCCATGA	0.318508070707321	1.97820959745471	349
GCACCACCCCGGTGAACAGCTCC	0.544363433122635	1.98023955314842	350
CGGATCTTGAAGTTCACCTTGAT	0.226655209064484	1.98535930491191	351
CCTCCTTGAAGTCGATGCCCTTC	0.372421723604202	1.98771681000662	352
TTGTGGCGGATCTTGAAGTTCAC	0.708898186683655	1.99317494382571	353
TTGAAGTTCACCTTGATGCCGTT	0.478207629919052	1.99370835827937	354
AGCTTGTGCCCCAGGATGTTGCC	0.597385990619659	1.99948886474691	355
TTCACCAGGGTGTCGCCCTCGAA	0.26982729434967	2.00943716686428	356
TGTACTCCAGCTTGTGCCCCAGG	0.716886055469513	2.01048920152431	357
CTTGATGCCGTTCTTCTGCTTGT	0.363154476881027	2.01375676179055	358
CCAGGATGTTGCCGTCCTCCTTG	0.336360400915146	2.01780505196838	359
ACTCCAGCAGGACCATGTGATCG	0.731489908695221	2.02476939992117	360
ACCAGGGTGTCGCCCTCGAACTT	0.230755037069321	2.03567922790605	361
TCCTCCTTGAAGTCGATGCCCTT	0.372340732812881	2.04271251976184	362
CCAGCAGGACCATGTGATCGCGC	0.871028208732605	2.0447028244714	363
TCCAGCAGGACCATGTGATCGCG	0.813909184932709	2.06254110190119	364
GTACTCCAGCTTGTGCCCCAGGA	0.623334467411041	2.06478532131254	365
ACGAACTCCAGCAGGACCATGTG	0.494535082578659	2.0648154049593	366
CACCCCGGTGAACAGCTCCTCGC	0.402149713039398	2.07711403962679	367
CCCTTCAGCTCGATGCGGTTCAC	0.65510162115097	2.08114683940092	368
TCGGGCATGGCGGACTTGAAGAA	0.235769820213318	2.08434689187888	369
CCGTAGGTGGCATCGCCCTCGCC	0.41889979839325	2.09065694413524	370
CTCGCCCTCGCCGGACACGCTGA	0.514683657884598	2.09336620489195	371
TCAGCTCGATGCGGTTCACCAGG	0.685004103183746	2.09427787057488	372
AAGAAGATGGTGCGCTCCTGGAC	0.746955394744873	2.10350290857991	373
GGCACCACCCCGGTGAACAGCTC	0.548510909080505	2.10541429197	374
GATGAACTTCAGGGTCAGCTTGC	0.41886333823204	2.1262033326445	375
CTCCAGCTTGTGCCCCAGGATGT	0.372100573778152	2.1316762252327	376
TCGGGGTAGCGGCTGAAGCACTG	0.555724108219147	2.13888134621608	377
AAGCACTGCACGCCGTAGGTCAG	0.786816954612732	2.14649488082694	378
GCCGTAGGTGGCATCGCCCTCGC	0.327172708511353	2.16404473495689	379
TGTTGCCGTCCTCCTTGAAGTCG	0.769686192274094	2.19157507839574	380
TGAACTTCAGGGTCAGCTTGCCG	0.734444129467011	2.19334572850975	381
CTGAAGCACTGCACGCCGTAGGT	0.532601314783096	2.20095746746163	382
CCCTCGCCCTCGCCGGACACGCT	0.526004093885422	2.20656986122886	383
GCTGCACGCTGCCGTCCTCGATG	0.448187297582626	2.21160411378612	384
GTGGCCGTTTACGTCGCCGTCCA	0.652921825647354	2.23304084850022	385
ACCCCGGTGAACAGCTCCTCGCC	0.50608069896698	2.24526876116128	386
CACGCTGAACTTGTGGCCGTTTA	0.200159913301468	2.27554387597644	387
CTTCAGCTCGATGCGGTTCACCA	0.73297775387764	2.29091393914144	388
TGCGCTCCTGGACGTAGCCTTCG	0.387721621990204	2.29586791065253	389
CCTTCGGGCATGGCGGACTTGAA	0.200249648094177	2.31988949986046	390
GAAGAAGATGGTGCGCTCCTGGA	0.606188815832138	2.34780399003886	391
AGCTTGCCGGTGGTGCAGATGAA	0.310970437526703	2.38143238565596	392
TCCCGGCGGCGGTCACGAACTCC	0.329157626628876	2.39381104141114	393
CTGAACTTGTGGCCGTTTACGTC	0.52587616443634	2.40967833938011	394
TTGTACTCCAGCTTGTGCCCCAG	0.661500704288483	2.41932036573436	395
CGATGTTGTGGCGGATCTTGAAG	0.411977434158325	2.42087643882223	396
TCCAGCTTGTGCCCCAGGATGTT	0.286346852779388	2.57135034748866	397
TCGTCCTTGAAGAAGATGGTGCG	0.650613343715668	2.74322472126914	398
