GuideSeq	predicted_value_sigmoid	eff	ordEff
GGTTGTCGGGCAGCAGCACGGGG	0.03351556	0.500091817538307	1
ATGCCGAGAGTGATCCCGGCGGC	0.0040418827	0.531332538194849	2
GGCCATGATATAGACGTTGTGGC	0.06672199	0.54083647657158	3
TCAGGGTGGTCACGAGGGTGGGC	0.020155154	0.663274976936228	4
TTGTCGGGCAGCAGCACGGGGCC	0.0013421508	0.675367753806231	5
GTGGTCACGAGGGTGGGCCAGGG	0.024641614	0.677435165173506	6
TGGTCGGCGAGCTGCACGCTGCC	0.027066447	0.734578931357031	7
TCTCGTTGGGGTCTTTGCTCAGG	0.2208792	0.740168004568569	8
GGTGGGCCAGGGCACGGGCAGCT	0.016455153	0.749372529991223	9
CGAGGGTGGGCCAGGGCACGGGC	0.02025864	0.750866599710054	10
TGCTCAGGGCGGACTGGGTGCTC	0.009216521	0.752262625656141	11
TCGTCCATGCCGAGAGTGATCCC	0.029981505	0.767012823036921	12
AGGGTGGTCACGAGGGTGGGCCA	0.006396356	0.770354375485082	13
GTTCTGCTGGTAGTGGTCGGCGA	0.20043835	0.771522917429901	14
TCGTTGGGGTCTTTGCTCAGGGC	0.01482325	0.776637031810003	15
GAGAGTGATCCCGGCGGCGGTCA	0.016775332	0.777976680557515	16
TCACGAGGGTGGGCCAGGGCACG	0.015720973	0.778827084266666	17
CGAGAGTGATCCCGGCGGCGGTC	0.008043978	0.779299926941275	18
GCTCGTCCATGCCGAGAGTGATC	0.004786001	0.781351897896352	19
CCATGCCGAGAGTGATCCCGGCG	0.018192733	0.784891166781186	20
TAGGTCAGGGTGGTCACGAGGGT	0.009805039	0.78621427386721	21
GGGTCAGCTTGCCGTAGGTGGCA	0.033306804	0.791427448934919	22
GAGTGATCCCGGCGGCGGTCACG	0.03244229	0.793546628997023	23
TGGTGCAGATGAACTTCAGGGTC	0.009627412	0.804636923504065	24
TTCGGGCATGGCGGACTTGAAGA	0.004605496	0.806749462687552	25
GGGCCAGGGCACGGGCAGCTTGC	0.06212525	0.815692195958759	26
GGCGAGCTGCACGCTGCCGTCCT	0.42173904	0.816149237158951	27
GGGGTCTTTGCTCAGGGCGGACT	0.016326347	0.818465704565587	28
GGTCAGCTTGCCGTAGGTGGCAT	0.19207004	0.819701265816861	29
GGTCGGCGAGCTGCACGCTGCCG	0.08709578	0.820370113029916	30
GCTTCTCGTTGGGGTCTTTGCTC	0.0083053205	0.824000686637126	31
TTCTCGTTGGGGTCTTTGCTCAG	0.0795001	0.82695861442388	32
GGTGGTCACGAGGGTGGGCCAGG	0.049576443	0.827471071090738	33
GGCGCGGGTCTTGTAGTTGCCGT	0.78502345	0.829255859656483	34
CAGGGCGGACTGGGTGCTCAGGT	0.058367595	0.834783864800515	35
GAGGGTGGGCCAGGGCACGGGCA	0.02431974	0.835247896624964	36
TGGTCACGAGGGTGGGCCAGGGC	0.0032147923	0.839544124083762	37
TGTTCTGCTGGTAGTGGTCGGCG	0.08023635	0.847278663185	38
CATGCCGAGAGTGATCCCGGCGG	0.010061279	0.847690929488065	39
TCCATGCCGAGAGTGATCCCGGC	0.02238485	0.84932152331342	40
GTGGTCGGGGTAGCGGCTGAAGC	0.04281556	0.862182682191016	41
CGCCGTAGGTCAGGGTGGTCACG	0.033508025	0.864850632100441	42
GGCCAGGGCACGGGCAGCTTGCC	0.03027304	0.867471653138688	43
CCGGCGGCGGTCACGAACTCCAG	0.070115216	0.868138051941974	44
ACGTAGCCTTCGGGCATGGCGGA	0.081861295	0.873391709229151	45
CACGAGGGTGGGCCAGGGCACGG	0.04736141	0.877339232713144	46
CTTCATGTGGTCGGGGTAGCGGC	0.2094702	0.878616782031808	47
GCCTTCGGGCATGGCGGACTTGA	0.22504906	0.88410352236711	48
GGGTAGCGGCTGAAGCACTGCAC	0.12284306	0.892498638230137	49
GTTGTCGGGCAGCAGCACGGGGC	0.023083815	0.893161353047696	50
ACGCTGCCGTCCTCGATGTTGTG	0.03363294	0.895226273019063	51
GTGATCCCGGCGGCGGTCACGAA	0.069038555	0.898406289016519	52
GTACAGCTCGTCCATGCCGAGAG	0.1484598	0.904444420343999	53
CTTCTGCTTGTCGGCCATGATAT	0.014093988	0.920679263069265	54
ACCTCGGCGCGGGTCTTGTAGTT	0.008191826	0.923433486353957	55
CTCAGGGCGGACTGGGTGCTCAG	0.3262741	0.92405238202038	56
CGGGCAGCTTGCCGGTGGTGCAG	0.033408258	0.925639747557422	57
CGGCGCGGGTCTTGTAGTTGCCG	0.3487788	0.927889004414847	58
AGGTCAGGGTGGTCACGAGGGTG	0.0070957327	0.929602417603233	59
CTGCCGTCCTCGATGTTGTGGCG	0.0056467233	0.943589025652306	60
GCACGGGCAGCTTGCCGGTGGTG	0.05163777	0.944066420820687	61
CGGACACGCTGAACTTGTGGCCG	0.010263947	0.944452435253031	62
TGGGCACCACCCCGGTGAACAGC	0.087312095	0.945775098848175	63
GGTCGGGGTAGCGGCTGAAGCAC	0.015687553	0.946568903754992	64
GCCGAGAGTGATCCCGGCGGCGG	0.020740112	0.94701778299404	65
CTGGTAGTGGTCGGCGAGCTGCA	0.07662388	0.949430092588337	66
GATCTTGAAGTTCACCTTGATGC	0.13373701	0.950639175845598	67
CCGTCCTCGATGTTGTGGCGGAT	0.06729652	0.950846838087176	68
GTAGTTGCCGTCGTCCTTGAAGA	0.009567353	0.950893539607965	69
GGCATGGCGGACTTGAAGAAGTC	0.09282244	0.95125866626882	70
GATGGGCACCACCCCGGTGAACA	0.020688497	0.953389199545552	71
GTTGTGGCTGTTGTAGTTGTACT	0.32017848	0.957894927758092	72
GTCTTTGCTCAGGGCGGACTGGG	0.043939896	0.961065436851653	73
AGCTCGACCAGGATGGGCACCAC	0.057014726	0.961643202940005	74
GGATGTTGCCGTCCTCCTTGAAG	0.0067800763	0.961756770880916	75
CTCGATGCGGTTCACCAGGGTGT	0.03665533	0.962509026447125	76
GGGTCTTTGCTCAGGGCGGACTG	0.060436845	0.965773459456718	77
CCGTCCAGCTCGACCAGGATGGG	0.0057439418	0.969977786253587	78
GTCAGGGTGGTCACGAGGGTGGG	0.064114645	0.971231198827356	79
GCTCGACCAGGATGGGCACCACC	0.06956034	0.973550356176541	80
GCTTGCCGTAGGTGGCATCGCCC	0.17231761	0.9741153122102	81
GACTTGAAGAAGTCGTGCTGCTT	0.109010704	0.981288791011806	82
GTCGGGCAGCAGCACGGGGCCGT	0.047042727	0.992033074361237	83
GACGTTGTGGCTGTTGTAGTTGT	0.49778837	0.992129860681835	84
GGGCAGCTTGCCGGTGGTGCAGA	0.22837867	0.995388440498317	85
TCCTGGACGTAGCCTTCGGGCAT	0.02835545	1.00102024073719	86
TCGGCGAGCTGCACGCTGCCGTC	0.08229278	1.00163744777238	87
GTCCAGCTCGACCAGGATGGGCA	0.015826551	1.00650749014208	88
CCTCGGCGCGGGTCTTGTAGTTG	0.109010175	1.0077867600393	89
TGGCGGACTTGAAGAAGTCGTGC	0.30043247	1.0098529355936	90
GCCATGATATAGACGTTGTGGCT	0.06849043	1.01202476116774	91
GGGTGTTCTGCTGGTAGTGGTCG	0.094543464	1.01241110863051	92
CACCTCGGCGCGGGTCTTGTAGT	0.058431026	1.01252980820074	93
GATGTTGCCGTCCTCCTTGAAGT	0.0452634	1.0138117692691	94
AGGGTGGGCCAGGGCACGGGCAG	0.014911266	1.01939756134299	95
TCGGGCAGCAGCACGGGGCCGTC	0.043396898	1.02218254915086	96
TTCTGCTGGTAGTGGTCGGCGAG	0.05864457	1.02394447663797	97
AACTCCAGCAGGACCATGTGATC	0.03435949	1.03234027615909	98
CCAGGATGGGCACCACCCCGGTG	0.053033378	1.03374670107121	99
GGCTGAAGCACTGCACGCCGTAG	0.38252512	1.04087092220645	100
AGCTCGTCCATGCCGAGAGTGAT	0.025696738	1.04643893564774	101
TGGTAGTGGTCGGCGAGCTGCAC	0.05259039	1.04691009352936	102
TGTGATCGCGCTTCTCGTTGGGG	0.17929263	1.04982290328838	103
TAGTGGTCGGCGAGCTGCACGCT	0.092783846	1.05305498151636	104
CGGGCATGGCGGACTTGAAGAAG	0.0051809293	1.05584348989091	105
TGTAGTTGCCGTCGTCCTTGAAG	0.0042983447	1.05791829246018	106
AAGTCGTGCTGCTTCATGTGGTC	0.016367413	1.05837243423214	107
GTGCTGCTTCATGTGGTCGGGGT	0.0065281377	1.06153415181561	108
TGTACAGCTCGTCCATGCCGAGA	0.16335236	1.06221916239238	109
GTGGCGGATCTTGAAGTTCACCT	0.78927803	1.06376907650131	110
TAGTTGCCGTCGTCCTTGAAGAA	0.00096418144	1.07113578964246	111
GGTCAGGGTGGTCACGAGGGTGG	0.019400802	1.07426435620701	112
GACCAGGATGGGCACCACCCCGG	0.01827558	1.07831525838004	113
CAGGGCACGGGCAGCTTGCCGGT	0.032385815	1.0861200078464	114
AGGGCGGACTGGGTGCTCAGGTA	0.06303519	1.08797532103435	115
GCTGCCGTCCTCGATGTTGTGGC	0.20092592	1.09495433215956	116
TCCAGCTCGACCAGGATGGGCAC	0.019525446	1.09644293284683	117
TTCTGCTTGTCGGCCATGATATA	0.011862406	1.09786172077035	118
CACTGCACGCCGTAGGTCAGGGT	0.019059516	1.10030707061496	119
TTGATGCCGTTCTTCTGCTTGTC	0.24993227	1.10456059407605	120
GCTTGTCGGCCATGATATAGACG	0.2036933	1.10477851338917	121
GGTGGTGCAGATGAACTTCAGGG	0.057463627	1.10545078932209	122
GGGTGGGCCAGGGCACGGGCAGC	0.017945517	1.10561483544544	123
CTTCGGGCATGGCGGACTTGAAG	0.0047729276	1.10950177011617	124
TGCTGCTTCATGTGGTCGGGGTA	0.0027658527	1.11771351652279	125
TTTACGTCGCCGTCCAGCTCGAC	0.00963651	1.1181465527699	126
GGCGGATCTTGAAGTTCACCTTG	0.22104177	1.12307383831215	127
CCGAGAGTGATCCCGGCGGCGGT	0.028226448	1.1256825668169	128
GGGCACGGGCAGCTTGCCGGTGG	0.014129307	1.13137387598595	129
TGGTTGTCGGGCAGCAGCACGGG	0.06877272	1.13405156075685	130
TGCCGTTCTTCTGCTTGTCGGCC	0.21801445	1.13435088390446	131
GCTGGTAGTGGTCGGCGAGCTGC	0.26759446	1.14686979960284	132
GCTGCTTCATGTGGTCGGGGTAG	0.020224433	1.16033992816273	133
CTTGAAGTCGATGCCCTTCAGCT	0.18266632	1.16743143038415	134
GCAGGACCATGTGATCGCGCTTC	0.6551343	1.17720001007002	135
GTAGCCTTCGGGCATGGCGGACT	0.23564965	1.17898136696513	136
CGCCGGACACGCTGAACTTGTGG	0.010447024	1.18099357676747	137
TGTCGGGCAGCAGCACGGGGCCG	0.02823631	1.18293920865961	138
TCTTTGCTCAGGGCGGACTGGGT	0.0062340503	1.18735291798201	139
GTGGGCCAGGGCACGGGCAGCTT	0.124152094	1.19148737229726	140
GGTAGTGGTCGGCGAGCTGCACG	0.03158095	1.19423454477958	141
AGCCTTCGGGCATGGCGGACTTG	0.53025705	1.19478732443427	142
CGCTTCTCGTTGGGGTCTTTGCT	0.014634671	1.19574756860959	143
GGTTCACCAGGGTGTCGCCCTCG	0.39104128	1.19605474859435	144
TGTGGCTGTTGTAGTTGTACTCC	0.7404933	1.19607096791515	145
TCAGGTAGTGGTTGTCGGGCAGC	0.25065586	1.20140702455643	146
CTTGTACAGCTCGTCCATGCCGA	0.20618762	1.20210387627802	147
TGCCGGTGGTGCAGATGAACTTC	0.09253035	1.2050594006214	148
ATGTTGTGGCGGATCTTGAAGTT	0.005974236	1.21087521203529	149
CCAGGGTGTCGCCCTCGAACTTC	0.014615258	1.22291820762848	150
AGTTCACCTTGATGCCGTTCTTC	0.83825237	1.22306832064337	151
GGACACGCTGAACTTGTGGCCGT	0.13515681	1.23399284276038	152
TGTCGGCCATGATATAGACGTTG	0.59258103	1.23593551365383	153
GTTCACCAGGGTGTCGCCCTCGA	0.4024192	1.23731778185361	154
GTGGCATCGCCCTCGCCCTCGCC	0.032198157	1.24390304589699	155
TACAGCTCGTCCATGCCGAGAGT	0.022763094	1.24559257500229	156
CATGTGGTCGGGGTAGCGGCTGA	0.18106785	1.24933618942059	157
CGGACTTGAAGAAGTCGTGCTGC	0.64237726	1.26575715745854	158
CTTGTGCCCCAGGATGTTGCCGT	0.17553377	1.27729901854045	159
GGACTGGGTGCTCAGGTAGTGGT	0.1099071	1.27850452391222	160
TTCATGTGGTCGGGGTAGCGGCT	0.017153744	1.28007932356804	161
AAGTCGATGCCCTTCAGCTCGAT	0.2754524	1.28215769882144	162
TAGCGGCTGAAGCACTGCACGCC	0.46114343	1.28349591998887	163
CGTTGTGGCTGTTGTAGTTGTAC	0.053500883	1.28399859866078	164
GCATCGCCCTCGCCCTCGCCGGA	0.015620677	1.28480817157531	165
CTCGAACTTCACCTCGGCGCGGG	0.17770043	1.28603269621439	166
GACACGCTGAACTTGTGGCCGTT	0.16807163	1.29128467748392	167
CGTCCTCGATGTTGTGGCGGATC	0.0830423	1.29472249117	168
GGTGCAGATGAACTTCAGGGTCA	0.51393837	1.29596528481054	169
GCCCTCGAACTTCACCTCGGCGC	0.15755855	1.29843392921802	170
TGGGTGCTCAGGTAGTGGTTGTC	0.1883398	1.29905090161811	171
TTGGGGTCTTTGCTCAGGGCGGA	0.03232108	1.30296841431369	172
GAACTTCACCTCGGCGCGGGTCT	0.030671682	1.30533216677385	173
GCTCGATGCGGTTCACCAGGGTG	0.034944903	1.30780150832334	174
TCGAACTTCACCTCGGCGCGGGT	0.07951556	1.30964158826067	175
CTGCTGGTAGTGGTCGGCGAGCT	0.022267424	1.30983174123881	176
CTCGGCGCGGGTCTTGTAGTTGC	0.74111533	1.31397608747583	177
GCACGCTGCCGTCCTCGATGTTG	0.023101147	1.31555294935201	178
GTGATCGCGCTTCTCGTTGGGGT	0.032974306	1.31783432921746	179
GCGGACTTGAAGAAGTCGTGCTG	0.7839253	1.32264454830528	180
CCATGTGATCGCGCTTCTCGTTG	0.19613107	1.32430738827129	181
AGTGGTCGGCGAGCTGCACGCTG	0.2367081	1.33741408884672	182
GGCCGTTTACGTCGCCGTCCAGC	0.113596424	1.33970157693279	183
TCACCTCGGCGCGGGTCTTGTAG	0.024206907	1.34483584402144	184
CGCTGAACTTGTGGCCGTTTACG	0.06992287	1.34603740470893	185
GTTGGGGTCTTTGCTCAGGGCGG	0.13761376	1.34707551651792	186
GTGGTCGGCGAGCTGCACGCTGC	0.25981992	1.34754444773837	187
TGCACGCCGTAGGTCAGGGTGGT	0.058621913	1.3549081727846	188
CTTCAGGGTCAGCTTGCCGTAGG	0.10165683	1.36018817087096	189
GTCCATGCCGAGAGTGATCCCGG	0.056388296	1.36158681591303	190
GTCGTGCTGCTTCATGTGGTCGG	0.22945854	1.36193768299772	191
TTGCCGGTGGTGCAGATGAACTT	0.271182	1.36726008958082	192
GCCGTTCTTCTGCTTGTCGGCCA	0.6472643	1.37241759842151	193
CGGGTCTTGTAGTTGCCGTCGTC	0.5424619	1.38194167912717	194
CGTCCTTGAAGAAGATGGTGCGC	0.12642844	1.383493023925	195
CTTGTAGTTGCCGTCGTCCTTGA	0.30294925	1.3862504093476	196
GGGCGGACTGGGTGCTCAGGTAG	0.103149176	1.39216246704337	197
TGATGCCGTTCTTCTGCTTGTCG	0.40490374	1.39793528840984	198
CCTTCAGCTCGATGCGGTTCACC	0.22056057	1.39930784477743	199
GCCCCAGGATGTTGCCGTCCTCC	0.4560381	1.40132304476055	200
GGTAGTGGTTGTCGGGCAGCAGC	0.4619647	1.40403287175181	201
ACCTTGATGCCGTTCTTCTGCTT	0.13673751	1.41197754839351	202
TGCCCTTCAGCTCGATGCGGTTC	0.13492778	1.41417651034882	203
TGTGCCCCAGGATGTTGCCGTCC	0.4316355	1.41556613775311	204
GTCTTGTAGTTGCCGTCGTCCTT	0.46827534	1.41749310514339	205
GAGCTGCACGCTGCCGTCCTCGA	0.46038717	1.4177889275989	206
TGGCGGATCTTGAAGTTCACCTT	0.5381669	1.41819890306432	207
TGAAGCACTGCACGCCGTAGGTC	0.08030575	1.41851294417053	208
GTAGGTGGCATCGCCCTCGCCCT	0.0391584	1.42361768350285	209
GTGTCGCCCTCGAACTTCACCTC	0.04160734	1.4238187394236	210
CCCTCGAACTTCACCTCGGCGCG	0.036608458	1.42428410584051	211
TTGCCGTAGGTGGCATCGCCCTC	0.07620675	1.42525235440831	212
GGGTCTTGTAGTTGCCGTCGTCC	0.4302503	1.42687237414153	213
TTACGTCGCCGTCCAGCTCGACC	0.012868279	1.42931354016436	214
GGCACGGGCAGCTTGCCGGTGGT	0.15764542	1.43229278811466	215
GTCGCCGTCCAGCTCGACCAGGA	0.08175447	1.43339628692414	216
CACGCCGTAGGTCAGGGTGGTCA	0.026924139	1.43509674954369	217
CCGTCCTCCTTGAAGTCGATGCC	0.2231325	1.43703099069476	218
TCGCCGGACACGCTGAACTTGTG	0.042756565	1.43939171059316	219
GCACTGCACGCCGTAGGTCAGGG	0.16208899	1.43966348208276	220
GTGTTCTGCTGGTAGTGGTCGGC	0.25861597	1.44028497693498	221
CCGTAGGTCAGGGTGGTCACGAG	0.1279206	1.44482238583103	222
ACTTCACCTCGGCGCGGGTCTTG	0.31728774	1.44513012434597	223
CTTTGCTCAGGGCGGACTGGGTG	0.0045593935	1.4499495225635	224
TTGTGGCTGTTGTAGTTGTACTC	0.2594522	1.45136934879856	225
GATGCGGTTCACCAGGGTGTCGC	0.19317308	1.45240285228045	226
AGTCGTGCTGCTTCATGTGGTCG	0.26984298	1.45351057488799	227
GCGCGGGTCTTGTAGTTGCCGTC	0.7347726	1.45862229993804	228
AGCTCGATGCGGTTCACCAGGGT	0.07187442	1.46677777820295	229
ACGTTGTGGCTGTTGTAGTTGTA	0.15441206	1.4717815907147	230
GATCGCGCTTCTCGTTGGGGTCT	0.074775964	1.47564417428663	231
CGTAGGTCAGGGTGGTCACGAGG	0.19168442	1.47892403580658	232
GATGCCGTTCTTCTGCTTGTCGG	0.74781305	1.48351997473332	233
CGGCTGAAGCACTGCACGCCGTA	0.1520128	1.48779862396818	234
CACGAACTCCAGCAGGACCATGT	0.5840648	1.49114050647723	235
CAGCTTGCCGTAGGTGGCATCGC	0.32262942	1.49349399949661	236
TTCAGGGTCAGCTTGCCGTAGGT	0.12723684	1.50194642840858	237
AACTTGTGGCCGTTTACGTCGCC	0.13180368	1.50273923780454	238
GGGCATGGCGGACTTGAAGAAGT	0.07815082	1.50373019049265	239
GTGCCCCAGGATGTTGCCGTCCT	0.5585797	1.50749962627166	240
AGGGCACGGGCAGCTTGCCGGTG	0.058888968	1.50933371022609	241
CGTGCTGCTTCATGTGGTCGGGG	0.02749606	1.51593272220803	242
GCGGTCACGAACTCCAGCAGGAC	0.12323268	1.51674275559945	243
GGTCACGAACTCCAGCAGGACCA	0.5398842	1.52335237224516	244
GTAGCGGCTGAAGCACTGCACGC	0.8764812	1.53169446474614	245
GTGCGCTCCTGGACGTAGCCTTC	0.70360166	1.53397206653938	246
GCCCTTCAGCTCGATGCGGTTCA	0.16975197	1.53710840810808	247
CGGGGTAGCGGCTGAAGCACTGC	0.14415681	1.54216812396441	248
TGGCTGTTGTAGTTGTACTCCAG	0.7942994	1.54810982473155	249
CAGCTCGTCCATGCCGAGAGTGA	0.016336748	1.54848619828435	250
GTCCTCGATGTTGTGGCGGATCT	0.6537498	1.55184152697865	251
GTCGGCCATGATATAGACGTTGT	0.77266026	1.55604528805415	252
GAAGATGGTGCGCTCCTGGACGT	0.16834216	1.55757146494856	253
GTCGCCCTCGAACTTCACCTCGG	0.24088636	1.57084666676054	254
TCAGGGTCAGCTTGCCGTAGGTG	0.20570534	1.5748881800498	255
CTTGTGGCCGTTTACGTCGCCGT	0.23030226	1.57588973099746	256
AGCAGGACCATGTGATCGCGCTT	0.6259373	1.57659622730156	257
GGCGGACTGGGTGCTCAGGTAGT	0.64824	1.57704157623362	258
GCGGCTGAAGCACTGCACGCCGT	0.85651946	1.5833667013834	259
TCGGCCATGATATAGACGTTGTG	0.5584536	1.58706585636304	260
CTCGTTGGGGTCTTTGCTCAGGG	0.09326844	1.59894423416918	261
CGATGCCCTTCAGCTCGATGCGG	0.4038086	1.60021308274367	262
GCGGGTCTTGTAGTTGCCGTCGT	0.93088186	1.61590555382061	263
CAGCTCGATGCGGTTCACCAGGG	0.14346716	1.62060114763151	264
CAGCAGGACCATGTGATCGCGCT	0.681808	1.62432117891497	265
TCTTGAAGTTCACCTTGATGCCG	0.50005245	1.62432497582413	266
AGTTGCCGTCGTCCTTGAAGAAG	0.012851522	1.62815983311024	267
AGGTGGCATCGCCCTCGCCCTCG	0.06061485	1.63496992518917	268
CTTGAAGTTCACCTTGATGCCGT	0.90506816	1.63597754917044	269
ATGGTGCGCTCCTGGACGTAGCC	0.1966519	1.63609925517213	270
TGCCGTCGTCCTTGAAGAAGATG	0.020197716	1.63995958601608	271
CGAACTTCACCTCGGCGCGGGTC	0.019460687	1.64151436486483	272
GCCGTTTACGTCGCCGTCCAGCT	0.1327454	1.64919248925762	273
TCGCCCTCGAACTTCACCTCGGC	0.105354205	1.64963091446559	274
GTTGTAGTTGTACTCCAGCTTGT	0.8030251	1.65358207701238	275
ACCAGGATGGGCACCACCCCGGT	0.034250524	1.65367185523487	276
ATGAACTTCAGGGTCAGCTTGCC	0.5502457	1.66940102066639	277
CGCGCTTCTCGTTGGGGTCTTTG	0.18933064	1.6766479171493	278
TGAACTTGTGGCCGTTTACGTCG	0.15710956	1.67665402575829	279
TTGTAGTTGCCGTCGTCCTTGAA	0.16160722	1.67930523720883	280
GTAGTTGTACTCCAGCTTGTGCC	0.2070209	1.67984742724677	281
GCTCAGGTAGTGGTTGTCGGGCA	0.11880511	1.68225254384819	282
CTCGCCGGACACGCTGAACTTGT	0.08737369	1.68497932240971	283
CCTCGCCCTCGCCGGACACGCTG	0.2522302	1.68816415840794	284
CCCAGGATGTTGCCGTCCTCCTT	0.35693738	1.69788862061679	285
GCGAGCTGCACGCTGCCGTCCTC	0.5035333	1.7007793731468	286
GCAGCTTGCCGGTGGTGCAGATG	0.34816718	1.70774709579894	287
GTCACGAACTCCAGCAGGACCAT	0.62489855	1.70806158268899	288
ATGGGCACCACCCCGGTGAACAG	0.32375735	1.72468066353169	289
TTGAAGAAGATGGTGCGCTCCTG	0.33119655	1.72746564713166	290
GATGCCCTTCAGCTCGATGCGGT	0.4618665	1.73477857558004	291
CGTAGGTGGCATCGCCCTCGCCC	0.015838217	1.75082541131544	292
AGCACTGCACGCCGTAGGTCAGG	0.7231196	1.75383771849462	293
ATGCCCTTCAGCTCGATGCGGTT	0.22207758	1.75775406555423	294
GCGGCGGTCACGAACTCCAGCAG	0.17870855	1.76105581527071	295
ACTGGGTGCTCAGGTAGTGGTTG	0.5327845	1.76232243682293	296
GTGCAGATGAACTTCAGGGTCAG	0.79300225	1.76896029290894	297
TGGGCCAGGGCACGGGCAGCTTG	0.10599539	1.77709674493274	298
CTGTTGTAGTTGTACTCCAGCTT	0.3030033	1.77811208831059	299
CGTTCTTCTGCTTGTCGGCCATG	0.75412375	1.78171086406906	300
TTCTTCTGCTTGTCGGCCATGAT	0.16231093	1.78193955459044	301
GCTTCATGTGGTCGGGGTAGCGG	0.115725145	1.78588580152571	302
GAAGAAGTCGTGCTGCTTCATGT	0.6621657	1.7859936497158	303
AGATGAACTTCAGGGTCAGCTTG	0.61369145	1.79382654924736	304
TTCACCTCGGCGCGGGTCTTGTA	0.1965356	1.79576348836179	305
GAAGTCGTGCTGCTTCATGTGGT	0.16318332	1.79664234276595	306
TGCCCCAGGATGTTGCCGTCCTC	0.17639862	1.79868937050663	307
ACCACCCCGGTGAACAGCTCCTC	0.122387365	1.80307163308916	308
CAGGATGTTGCCGTCCTCCTTGA	0.18351786	1.81106267256238	309
CATGTGATCGCGCTTCTCGTTGG	0.3142094	1.82039590078813	310
GCCGGTGGTGCAGATGAACTTCA	0.20799069	1.83509955610447	311
GCGCTCCTGGACGTAGCCTTCGG	0.4528133	1.83695663046447	312
ACTTGTGGCCGTTTACGTCGCCG	0.30407366	1.83872708727406	313
ACCATGTGATCGCGCTTCTCGTT	0.1660638	1.84100442579402	314
GCGCTTCTCGTTGGGGTCTTTGC	0.49289933	1.84175802353057	315
CTGCACGCCGTAGGTCAGGGTGG	0.044850893	1.84389770927769	316
GGTGTTCTGCTGGTAGTGGTCGG	0.41443264	1.8484175586528	317
TGCTTCATGTGGTCGGGGTAGCG	0.022443304	1.8540635757424	318
TGATCGCGCTTCTCGTTGGGGTC	0.006651287	1.86125459823459	319
AGCTGCACGCTGCCGTCCTCGAT	0.14578806	1.8623546840139	320
CGGTTCACCAGGGTGTCGCCCTC	0.1320237	1.86585345478669	321
GTTGTACTCCAGCTTGTGCCCCA	0.72095203	1.87070224381733	322
GATATAGACGTTGTGGCTGTTGT	0.87126356	1.87119170747761	323
TCGCGCTTCTCGTTGGGGTCTTT	0.24726881	1.8739550242821	324
GTAGTGGTCGGCGAGCTGCACGC	0.32710162	1.87552551313019	325
TTGTCGGCCATGATATAGACGTT	0.103946574	1.88122953627369	326
CTGGACGTAGCCTTCGGGCATGG	0.34609064	1.88545684778883	327
GTTGCCGTCGTCCTTGAAGAAGA	0.12868239	1.88605716012314	328
ATCCCGGCGGCGGTCACGAACTC	0.07301954	1.88873286314331	329
TGCAGATGAACTTCAGGGTCAGC	0.78976846	1.90625691434716	330
GTTTACGTCGCCGTCCAGCTCGA	0.0651575	1.90673822654274	331
GCCCTCGCCGGACACGCTGAACT	0.16912529	1.90696330797919	332
TCACCTTGATGCCGTTCTTCTGC	0.28273246	1.91384829069354	333
TGCACGCTGCCGTCCTCGATGTT	0.006634246	1.91754042629629	334
GGTCTTGTAGTTGCCGTCGTCCT	0.8084618	1.92046510457214	335
GCAGATGAACTTCAGGGTCAGCT	0.78526986	1.92155512895896	336
TGTTGTAGTTGTACTCCAGCTTG	0.38165686	1.9303551097544	337
GGCATCGCCCTCGCCCTCGCCGG	0.040406812	1.93264572968609	338
TCACGAACTCCAGCAGGACCATG	0.4816361	1.93641467044007	339
CACCACCCCGGTGAACAGCTCCT	0.046491206	1.94152097811903	340
CCTCGAACTTCACCTCGGCGCGG	0.20913658	1.9457732684177	341
CGGTGGTGCAGATGAACTTCAGG	0.13088389	1.94730628114535	342
AGGACCATGTGATCGCGCTTCTC	0.80659974	1.95706854627334	343
CAGGACCATGTGATCGCGCTTCT	0.774128	1.96410671111562	344
GAAGTCGATGCCCTTCAGCTCGA	0.67242706	1.96483362913599	345
TGAAGAAGTCGTGCTGCTTCATG	0.21855761	1.96748045259765	346
CCAGGGCACGGGCAGCTTGCCGG	0.11661719	1.97702451360589	347
GTTCTTCTGCTTGTCGGCCATGA	0.6831006	1.97820959745471	348
GCACCACCCCGGTGAACAGCTCC	0.06884743	1.98023955314842	349
CGGATCTTGAAGTTCACCTTGAT	0.1328372	1.98535930491191	350
CCTCCTTGAAGTCGATGCCCTTC	0.622819	1.98771681000662	351
TTGTGGCGGATCTTGAAGTTCAC	0.18951328	1.99317494382571	352
TTGAAGTTCACCTTGATGCCGTT	0.72918344	1.99370835827937	353
AGCTTGTGCCCCAGGATGTTGCC	0.09394735	1.99948886474691	354
TTCACCAGGGTGTCGCCCTCGAA	0.08166313	2.00943716686428	355
TGTACTCCAGCTTGTGCCCCAGG	0.5715587	2.01048920152431	356
CTTGATGCCGTTCTTCTGCTTGT	0.63493264	2.01375676179055	357
CCAGGATGTTGCCGTCCTCCTTG	0.17010655	2.01780505196838	358
ACTCCAGCAGGACCATGTGATCG	0.4646749	2.02476939992117	359
ACCAGGGTGTCGCCCTCGAACTT	0.03488226	2.03567922790605	360
TCCTCCTTGAAGTCGATGCCCTT	0.7323531	2.04271251976184	361
CCAGCAGGACCATGTGATCGCGC	0.8561409	2.0447028244714	362
TCCAGCAGGACCATGTGATCGCG	0.44793633	2.06254110190119	363
GTACTCCAGCTTGTGCCCCAGGA	0.50094193	2.06478532131254	364
ACGAACTCCAGCAGGACCATGTG	0.5980345	2.0648154049593	365
CACCCCGGTGAACAGCTCCTCGC	0.27983505	2.07711403962679	366
CCCTTCAGCTCGATGCGGTTCAC	0.21134908	2.08114683940092	367
TCGGGCATGGCGGACTTGAAGAA	0.0053186896	2.08434689187888	368
CCGTAGGTGGCATCGCCCTCGCC	0.046884418	2.09065694413524	369
CTCGCCCTCGCCGGACACGCTGA	0.24175799	2.09336620489195	370
TCAGCTCGATGCGGTTCACCAGG	0.1587667	2.09427787057488	371
AAGAAGATGGTGCGCTCCTGGAC	0.060414683	2.10350290857991	372
GGCACCACCCCGGTGAACAGCTC	0.09892115	2.10541429197	373
GATGAACTTCAGGGTCAGCTTGC	0.7309938	2.1262033326445	374
CTCCAGCTTGTGCCCCAGGATGT	0.09846966	2.1316762252327	375
TCGGGGTAGCGGCTGAAGCACTG	0.33308548	2.13888134621608	376
AAGCACTGCACGCCGTAGGTCAG	0.75585586	2.14649488082694	377
GCCGTAGGTGGCATCGCCCTCGC	0.05571191	2.16404473495689	378
TGTTGCCGTCCTCCTTGAAGTCG	0.2019065	2.19157507839574	379
TGAACTTCAGGGTCAGCTTGCCG	0.12575442	2.19334572850975	380
CTGAAGCACTGCACGCCGTAGGT	0.08254129	2.20095746746163	381
CCCTCGCCCTCGCCGGACACGCT	0.17661701	2.20656986122886	382
GCTGCACGCTGCCGTCCTCGATG	0.07429531	2.21160411378612	383
GTGGCCGTTTACGTCGCCGTCCA	0.40245682	2.23304084850022	384
ACCCCGGTGAACAGCTCCTCGCC	0.10820702	2.24526876116128	385
CACGCTGAACTTGTGGCCGTTTA	0.18617718	2.27554387597644	386
CTTCAGCTCGATGCGGTTCACCA	0.6045547	2.29091393914144	387
TGCGCTCCTGGACGTAGCCTTCG	0.5752453	2.29586791065253	388
CCTTCGGGCATGGCGGACTTGAA	0.0526358	2.31988949986046	389
GAAGAAGATGGTGCGCTCCTGGA	0.52438146	2.34780399003886	390
AGCTTGCCGGTGGTGCAGATGAA	0.24489531	2.38143238565596	391
TCCCGGCGGCGGTCACGAACTCC	0.078430295	2.39381104141114	392
CTGAACTTGTGGCCGTTTACGTC	0.1901954	2.40967833938011	393
TTGTACTCCAGCTTGTGCCCCAG	0.683628	2.41932036573436	394
CGATGTTGTGGCGGATCTTGAAG	0.008644869	2.42087643882223	395
TCCAGCTTGTGCCCCAGGATGTT	0.15820464	2.57135034748866	396
TCGTCCTTGAAGAAGATGGTGCG	0.24398641	2.74322472126914	397
