GuideSeq	GuideScore	eff	ordEff
GGTTGTCGGGCAGCAGCACGGGG	0.0723081283377861	0.500091817538307	1
ATGCCGAGAGTGATCCCGGCGGC	0.0622338001253389	0.531332538194849	2
GGCCATGATATAGACGTTGTGGC	0.244109182484401	0.54083647657158	3
TCAGGGTGGTCACGAGGGTGGGC	0.056294416509218	0.663274976936228	4
TTGTCGGGCAGCAGCACGGGGCC	0.0599343639047748	0.675367753806231	5
GTGGTCACGAGGGTGGGCCAGGG	0.0605599500375676	0.677435165173506	6
TGGTCGGCGAGCTGCACGCTGCC	0.0476663431575326	0.734578931357031	7
TCTCGTTGGGGTCTTTGCTCAGG	0.0770440827008037	0.740168004568569	8
GGTGGGCCAGGGCACGGGCAGCT	0.0590765793880558	0.749372529991223	9
CGAGGGTGGGCCAGGGCACGGGC	0.0585913142627384	0.750866599710054	10
TGCTCAGGGCGGACTGGGTGCTC	0.0497134762199984	0.752262625656141	11
TCGTCCATGCCGAGAGTGATCCC	0.08502711079366	0.767012823036921	12
AGGGTGGTCACGAGGGTGGGCCA	0.0523424405355547	0.770354375485082	13
GTTCTGCTGGTAGTGGTCGGCGA	0.112907514342064	0.771522917429901	14
TCGTTGGGGTCTTTGCTCAGGGC	0.0514259736738298	0.776637031810003	15
GAGAGTGATCCCGGCGGCGGTCA	0.0662561838081877	0.777976680557515	16
TCACGAGGGTGGGCCAGGGCACG	0.0896730771141674	0.778827084266666	17
CGAGAGTGATCCCGGCGGCGGTC	0.0524081624614308	0.779299926941275	18
GCTCGTCCATGCCGAGAGTGATC	0.0815219888962884	0.781351897896352	19
CCATGCCGAGAGTGATCCCGGCG	0.061311038322211	0.784891166781186	20
TAGGTCAGGGTGGTCACGAGGGT	0.0802831910597543	0.78621427386721	21
GGGTCAGCTTGCCGTAGGTGGCA	0.0449825885201529	0.791427448934919	22
GAGTGATCCCGGCGGCGGTCACG	0.0662097989099411	0.793546628997023	23
TGGTGCAGATGAACTTCAGGGTC	0.0573012784551276	0.804636923504065	24
TTCGGGCATGGCGGACTTGAAGA	0.0592076179427087	0.806749462687552	25
GGGCCAGGGCACGGGCAGCTTGC	0.0487393759013579	0.815692195958759	26
GGCGAGCTGCACGCTGCCGTCCT	0.126061301973243	0.816149237158951	27
GGGGTCTTTGCTCAGGGCGGACT	0.0587848489296671	0.818465704565587	28
GGTCAGCTTGCCGTAGGTGGCAT	0.109679845845566	0.819701265816861	29
GGTCGGCGAGCTGCACGCTGCCG	0.128386914226017	0.820370113029916	30
GCTTCTCGTTGGGGTCTTTGCTC	0.0568003368720796	0.824000686637126	31
TTCTCGTTGGGGTCTTTGCTCAG	0.0607898085561638	0.82695861442388	32
GGTGGTCACGAGGGTGGGCCAGG	0.0712304428553651	0.827471071090738	33
GGCGCGGGTCTTGTAGTTGCCGT	0.11114819349221	0.829255859656483	34
CAGGGCGGACTGGGTGCTCAGGT	0.0585297203944026	0.834783864800515	35
GAGGGTGGGCCAGGGCACGGGCA	0.050476903663667	0.835247896624964	36
TGGTCACGAGGGTGGGCCAGGGC	0.0557840205403031	0.839544124083762	37
TGTTCTGCTGGTAGTGGTCGGCG	0.15353270071709	0.847278663185	38
CATGCCGAGAGTGATCCCGGCGG	0.0786739556861135	0.847690929488065	39
TCCATGCCGAGAGTGATCCCGGC	0.0723398056922185	0.84932152331342	40
GTGGTCGGGGTAGCGGCTGAAGC	0.0759149723269003	0.862182682191016	41
CGCCGTAGGTCAGGGTGGTCACG	0.0690742429854446	0.864850632100441	42
GGCCAGGGCACGGGCAGCTTGCC	0.0489488679838028	0.867471653138688	43
CCGGCGGCGGTCACGAACTCCAG	0.052801827229547	0.868138051941974	44
ACGTAGCCTTCGGGCATGGCGGA	0.0854463061289805	0.873391709229151	45
CACGAGGGTGGGCCAGGGCACGG	0.0564585199633273	0.877339232713144	46
CTTCATGTGGTCGGGGTAGCGGC	0.207883342708452	0.878616782031808	47
GCCTTCGGGCATGGCGGACTTGA	0.119732420460515	0.88410352236711	48
GGGTAGCGGCTGAAGCACTGCAC	0.0623411771541313	0.892498638230137	49
GTTGTCGGGCAGCAGCACGGGGC	0.0605850778138962	0.893161353047696	50
ACGCTGCCGTCCTCGATGTTGTG	0.0775145555144041	0.895226273019063	51
GTGATCCCGGCGGCGGTCACGAA	0.257459968532709	0.898406289016519	52
GTACAGCTCGTCCATGCCGAGAG	0.42099272380084	0.904444420343999	53
CTTCTGCTTGTCGGCCATGATAT	0.08307924693874	0.920679263069265	54
ACCTCGGCGCGGGTCTTGTAGTT	0.0469484805167595	0.923433486353957	55
CTCAGGGCGGACTGGGTGCTCAG	0.607394086473567	0.92405238202038	56
CGGGCAGCTTGCCGGTGGTGCAG	0.0436446516256487	0.925639747557422	57
CGGCGCGGGTCTTGTAGTTGCCG	0.0761398077710185	0.927889004414847	58
AGGTCAGGGTGGTCACGAGGGTG	0.0677260578764541	0.929602417603233	59
CTGCCGTCCTCGATGTTGTGGCG	0.0764767002186846	0.943589025652306	60
GCACGGGCAGCTTGCCGGTGGTG	0.061816647530993	0.944066420820687	61
CGGACACGCTGAACTTGTGGCCG	0.0710896128261008	0.944452435253031	62
TGGGCACCACCCCGGTGAACAGC	0.155345689631124	0.945775098848175	63
GGTCGGGGTAGCGGCTGAAGCAC	0.0635779813788619	0.946568903754992	64
GCCGAGAGTGATCCCGGCGGCGG	0.0742469338800915	0.94701778299404	65
CTGGTAGTGGTCGGCGAGCTGCA	0.129227695290015	0.949430092588337	66
GATCTTGAAGTTCACCTTGATGC	0.0614805297265982	0.950639175845598	67
CCGTCCTCGATGTTGTGGCGGAT	0.106744312231224	0.950846838087176	68
GTAGTTGCCGTCGTCCTTGAAGA	0.100851621114067	0.950893539607965	69
GGCATGGCGGACTTGAAGAAGTC	0.0710768228539902	0.95125866626882	70
GATGGGCACCACCCCGGTGAACA	0.0536310097935485	0.953389199545552	71
GTTGTGGCTGTTGTAGTTGTACT	0.0690965251268707	0.957894927758092	72
GTCTTTGCTCAGGGCGGACTGGG	0.145979135824421	0.961065436851653	73
AGCTCGACCAGGATGGGCACCAC	0.900887198013443	0.961643202940005	74
GGATGTTGCCGTCCTCCTTGAAG	0.0576638597931837	0.961756770880916	75
CTCGATGCGGTTCACCAGGGTGT	0.888185879805983	0.962509026447125	76
GGGTCTTTGCTCAGGGCGGACTG	0.140016857896161	0.965773459456718	77
CCGTCCAGCTCGACCAGGATGGG	0.0883408502689386	0.969977786253587	78
GTCAGGGTGGTCACGAGGGTGGG	0.0707305150332472	0.971231198827356	79
GCTCGACCAGGATGGGCACCACC	0.441911696647066	0.973550356176541	80
GCTTGCCGTAGGTGGCATCGCCC	0.0740322983244082	0.9741153122102	81
GACTTGAAGAAGTCGTGCTGCTT	0.0824852199589732	0.981288791011806	82
GTCGGGCAGCAGCACGGGGCCGT	0.0612025705399996	0.992033074361237	83
GACGTTGTGGCTGTTGTAGTTGT	0.162032912995936	0.992129860681835	84
GGGCAGCTTGCCGGTGGTGCAGA	0.0681314954506473	0.995388440498317	85
TCCTGGACGTAGCCTTCGGGCAT	0.0649025315838094	1.00102024073719	86
TCGGCGAGCTGCACGCTGCCGTC	0.070725475709313	1.00163744777238	87
GTCCAGCTCGACCAGGATGGGCA	0.0589791427920218	1.00650749014208	88
CCTCGGCGCGGGTCTTGTAGTTG	0.0506369013030217	1.0077867600393	89
TGGCGGACTTGAAGAAGTCGTGC	0.0711089921598252	1.0098529355936	90
GCCATGATATAGACGTTGTGGCT	0.150116117803135	1.01202476116774	91
GGGTGTTCTGCTGGTAGTGGTCG	0.0803621868641157	1.01241110863051	92
CACCTCGGCGCGGGTCTTGTAGT	0.0516131914233028	1.01252980820074	93
GATGTTGCCGTCCTCCTTGAAGT	0.0602886289115997	1.0138117692691	94
AGGGTGGGCCAGGGCACGGGCAG	0.0583237693026648	1.01939756134299	95
TCGGGCAGCAGCACGGGGCCGTC	0.0485528601507643	1.02218254915086	96
TTCTGCTGGTAGTGGTCGGCGAG	0.249591969331795	1.02394447663797	97
AACTCCAGCAGGACCATGTGATC	0.0517983919302698	1.03234027615909	98
CCAGGATGGGCACCACCCCGGTG	0.0756788897445377	1.03374670107121	99
GGCTGAAGCACTGCACGCCGTAG	0.206503632115224	1.04087092220645	100
AGCTCGTCCATGCCGAGAGTGAT	0.670760201295591	1.04643893564774	101
TGGTAGTGGTCGGCGAGCTGCAC	0.0968069884069047	1.04691009352936	102
TGTGATCGCGCTTCTCGTTGGGG	0.0874312653219356	1.04982290328838	103
TAGTGGTCGGCGAGCTGCACGCT	0.0620595170852729	1.05305498151636	104
CGGGCATGGCGGACTTGAAGAAG	0.0511714241175988	1.05584348989091	105
TGTAGTTGCCGTCGTCCTTGAAG	0.164234338545685	1.05791829246018	106
AAGTCGTGCTGCTTCATGTGGTC	0.0604034657515626	1.05837243423214	107
GTGCTGCTTCATGTGGTCGGGGT	0.0543462637801118	1.06153415181561	108
TGTACAGCTCGTCCATGCCGAGA	0.355436613403468	1.06221916239238	109
GTGGCGGATCTTGAAGTTCACCT	0.18679486355173	1.06376907650131	110
TAGTTGCCGTCGTCCTTGAAGAA	0.0491466854582858	1.07113578964246	111
GGTCAGGGTGGTCACGAGGGTGG	0.0912498214669857	1.07426435620701	112
GACCAGGATGGGCACCACCCCGG	0.0685798608351549	1.07831525838004	113
CAGGGCACGGGCAGCTTGCCGGT	0.0707587110542667	1.0861200078464	114
AGGGCGGACTGGGTGCTCAGGTA	0.0504306154874216	1.08797532103435	115
GCTGCCGTCCTCGATGTTGTGGC	0.128273418410662	1.09495433215956	116
TCCAGCTCGACCAGGATGGGCAC	0.312676355946681	1.09644293284683	117
TTCTGCTTGTCGGCCATGATATA	0.0557866926854814	1.09786172077035	118
CACTGCACGCCGTAGGTCAGGGT	0.116707569367971	1.10030707061496	119
TTGATGCCGTTCTTCTGCTTGTC	0.069675361195652	1.10456059407605	120
GCTTGTCGGCCATGATATAGACG	0.075667639586573	1.10477851338917	121
GGTGGTGCAGATGAACTTCAGGG	0.0619617398128854	1.10545078932209	122
GGGTGGGCCAGGGCACGGGCAGC	0.0473602918044163	1.10561483544544	123
CTTCGGGCATGGCGGACTTGAAG	0.053616177298621	1.10950177011617	124
TGCTGCTTCATGTGGTCGGGGTA	0.0646439345977173	1.11771351652279	125
TTTACGTCGCCGTCCAGCTCGAC	0.100333915380114	1.1181465527699	126
GGCGGATCTTGAAGTTCACCTTG	0.16887621299009	1.12307383831215	127
CCGAGAGTGATCCCGGCGGCGGT	0.0996233016894614	1.1256825668169	128
GGGCACGGGCAGCTTGCCGGTGG	0.0842587430860766	1.13137387598595	129
TGGTTGTCGGGCAGCAGCACGGG	0.0549068772648144	1.13405156075685	130
TGCCGTTCTTCTGCTTGTCGGCC	0.0706020969338889	1.13435088390446	131
GCTGGTAGTGGTCGGCGAGCTGC	0.614627438480349	1.14686979960284	132
GCTGCTTCATGTGGTCGGGGTAG	0.134860055585011	1.16033992816273	133
CTTGAAGTCGATGCCCTTCAGCT	0.136902953234818	1.16743143038415	134
GCAGGACCATGTGATCGCGCTTC	0.880987099385358	1.17720001007002	135
GTAGCCTTCGGGCATGGCGGACT	0.094654065296183	1.17898136696513	136
CGCCGGACACGCTGAACTTGTGG	0.0551940473695919	1.18099357676747	137
TGTCGGGCAGCAGCACGGGGCCG	0.0657550078567862	1.18293920865961	138
TCTTTGCTCAGGGCGGACTGGGT	0.088659446455545	1.18735291798201	139
GTGGGCCAGGGCACGGGCAGCTT	0.0769485010832546	1.19148737229726	140
GGTAGTGGTCGGCGAGCTGCACG	0.435948151462426	1.19423454477958	141
AGCCTTCGGGCATGGCGGACTTG	0.489004460872511	1.19478732443427	142
CGCTTCTCGTTGGGGTCTTTGCT	0.0679536487376285	1.19574756860959	143
GGTTCACCAGGGTGTCGCCCTCG	0.448372502209573	1.19605474859435	144
TGTGGCTGTTGTAGTTGTACTCC	0.0955068446510418	1.19607096791515	145
TCAGGTAGTGGTTGTCGGGCAGC	0.831041724907588	1.20140702455643	146
CTTGTACAGCTCGTCCATGCCGA	0.957543335014197	1.20210387627802	147
TGCCGGTGGTGCAGATGAACTTC	0.0926297938145161	1.2050594006214	148
ATGTTGTGGCGGATCTTGAAGTT	0.0598432889345772	1.21087521203529	149
CCAGGGTGTCGCCCTCGAACTTC	0.310404989618506	1.22291820762848	150
AGTTCACCTTGATGCCGTTCTTC	0.577240681356615	1.22306832064337	151
GGACACGCTGAACTTGTGGCCGT	0.892351913525427	1.23399284276038	152
TGTCGGCCATGATATAGACGTTG	0.187415821921225	1.23593551365383	153
GTTCACCAGGGTGTCGCCCTCGA	0.890308050432476	1.23731778185361	154
GTGGCATCGCCCTCGCCCTCGCC	0.0653954451235483	1.24390304589699	155
TACAGCTCGTCCATGCCGAGAGT	0.760620666147886	1.24559257500229	156
CATGTGGTCGGGGTAGCGGCTGA	0.174260832265501	1.24933618942059	157
CGGACTTGAAGAAGTCGTGCTGC	0.498530513278189	1.26575715745854	158
CTTGTGCCCCAGGATGTTGCCGT	0.157940762562603	1.27729901854045	159
GGACTGGGTGCTCAGGTAGTGGT	0.11608591057699	1.27850452391222	160
TTCATGTGGTCGGGGTAGCGGCT	0.1106347759308	1.28007932356804	161
AAGTCGATGCCCTTCAGCTCGAT	0.0689762213394459	1.28215769882144	162
TAGCGGCTGAAGCACTGCACGCC	0.08206348281571	1.28349591998887	163
CGTTGTGGCTGTTGTAGTTGTAC	0.0880714749274422	1.28399859866078	164
GCATCGCCCTCGCCCTCGCCGGA	0.0605391269619934	1.28480817157531	165
CTCGAACTTCACCTCGGCGCGGG	0.114619228930213	1.28603269621439	166
GACACGCTGAACTTGTGGCCGTT	0.333470708310307	1.29128467748392	167
CGTCCTCGATGTTGTGGCGGATC	0.104761074095008	1.29472249117	168
GGTGCAGATGAACTTCAGGGTCA	0.0672211422688375	1.29596528481054	169
GCCCTCGAACTTCACCTCGGCGC	0.0699588439569409	1.29843392921802	170
TGGGTGCTCAGGTAGTGGTTGTC	0.0723669678938128	1.29905090161811	171
TTGGGGTCTTTGCTCAGGGCGGA	0.0673698584374101	1.30296841431369	172
GAACTTCACCTCGGCGCGGGTCT	0.0764425059241718	1.30533216677385	173
GCTCGATGCGGTTCACCAGGGTG	0.120859319215894	1.30780150832334	174
TCGAACTTCACCTCGGCGCGGGT	0.146441864556363	1.30964158826067	175
CTGCTGGTAGTGGTCGGCGAGCT	0.0681670799082654	1.30983174123881	176
CTCGGCGCGGGTCTTGTAGTTGC	0.238191382372596	1.31397608747583	177
GCACGCTGCCGTCCTCGATGTTG	0.287633905176182	1.31555294935201	178
GTGATCGCGCTTCTCGTTGGGGT	0.0809750435049843	1.31783432921746	179
GCGGACTTGAAGAAGTCGTGCTG	0.87524714290994	1.32264454830528	180
CCATGTGATCGCGCTTCTCGTTG	0.28470835517536	1.32430738827129	181
AGTGGTCGGCGAGCTGCACGCTG	0.325885600986154	1.33741408884672	182
GGCCGTTTACGTCGCCGTCCAGC	0.567287974896037	1.33970157693279	183
TCACCTCGGCGCGGGTCTTGTAG	0.0601320840540116	1.34483584402144	184
CGCTGAACTTGTGGCCGTTTACG	0.0807281076074334	1.34603740470893	185
GTTGGGGTCTTTGCTCAGGGCGG	0.0758735707351623	1.34707551651792	186
GTGGTCGGCGAGCTGCACGCTGC	0.48743153771574	1.34754444773837	187
TGCACGCCGTAGGTCAGGGTGGT	0.199189980832596	1.3549081727846	188
CTTCAGGGTCAGCTTGCCGTAGG	0.175704081238442	1.36018817087096	189
GTCCATGCCGAGAGTGATCCCGG	0.321974178921218	1.36158681591303	190
GTCGTGCTGCTTCATGTGGTCGG	0.214878948275364	1.36193768299772	191
TTGCCGGTGGTGCAGATGAACTT	0.0669906756374677	1.36726008958082	192
GCCGTTCTTCTGCTTGTCGGCCA	0.190541945326676	1.37241759842151	193
CGGGTCTTGTAGTTGCCGTCGTC	0.236564615615151	1.38194167912717	194
CGTCCTTGAAGAAGATGGTGCGC	0.0906341205635759	1.383493023925	195
CTTGTAGTTGCCGTCGTCCTTGA	0.864810098304012	1.3862504093476	196
GGGCGGACTGGGTGCTCAGGTAG	0.0553903811703748	1.39216246704337	197
TGATGCCGTTCTTCTGCTTGTCG	0.080130341004261	1.39793528840984	198
CCTTCAGCTCGATGCGGTTCACC	0.367029872712887	1.39930784477743	199
GCCCCAGGATGTTGCCGTCCTCC	0.109867387856444	1.40132304476055	200
GGTAGTGGTTGTCGGGCAGCAGC	0.689569157842125	1.40403287175181	201
ACCTTGATGCCGTTCTTCTGCTT	0.0762551345425529	1.41197754839351	202
TGCCCTTCAGCTCGATGCGGTTC	0.100691299944089	1.41417651034882	203
TGTGCCCCAGGATGTTGCCGTCC	0.188858298185852	1.41556613775311	204
GTCTTGTAGTTGCCGTCGTCCTT	0.336399681208706	1.41749310514339	205
GAGCTGCACGCTGCCGTCCTCGA	0.551045612688501	1.4177889275989	206
TGGCGGATCTTGAAGTTCACCTT	0.0621494408164049	1.41819890306432	207
TGAAGCACTGCACGCCGTAGGTC	0.105735810530303	1.41851294417053	208
GTAGGTGGCATCGCCCTCGCCCT	0.0670817134682553	1.42361768350285	209
GTGTCGCCCTCGAACTTCACCTC	0.0553269225035117	1.4238187394236	210
CCCTCGAACTTCACCTCGGCGCG	0.0756059724664795	1.42428410584051	211
TTGCCGTAGGTGGCATCGCCCTC	0.091474509028093	1.42525235440831	212
GGGTCTTGTAGTTGCCGTCGTCC	0.107537216717476	1.42687237414153	213
TTACGTCGCCGTCCAGCTCGACC	0.256140672757597	1.42931354016436	214
GGCACGGGCAGCTTGCCGGTGGT	0.12682055619004	1.43229278811466	215
GTCGCCGTCCAGCTCGACCAGGA	0.816763318359113	1.43339628692414	216
CACGCCGTAGGTCAGGGTGGTCA	0.0781021023284086	1.43509674954369	217
CCGTCCTCCTTGAAGTCGATGCC	0.395474011446038	1.43703099069476	218
TCGCCGGACACGCTGAACTTGTG	0.0569785557328208	1.43939171059316	219
GCACTGCACGCCGTAGGTCAGGG	0.0672106604272853	1.43966348208276	220
GTGTTCTGCTGGTAGTGGTCGGC	0.177121006771253	1.44028497693498	221
CCGTAGGTCAGGGTGGTCACGAG	0.191770375383202	1.44482238583103	222
ACTTCACCTCGGCGCGGGTCTTG	0.184817008453092	1.44513012434597	223
CTTTGCTCAGGGCGGACTGGGTG	0.0774076108016554	1.4499495225635	224
TTGTGGCTGTTGTAGTTGTACTC	0.0751977201461983	1.45136934879856	225
GATGCGGTTCACCAGGGTGTCGC	0.221955560548435	1.45240285228045	226
AGTCGTGCTGCTTCATGTGGTCG	0.1151760587226	1.45351057488799	227
GCGCGGGTCTTGTAGTTGCCGTC	0.0758951988635177	1.45862229993804	228
AGCTCGATGCGGTTCACCAGGGT	0.360875903969669	1.46677777820295	229
ACGTTGTGGCTGTTGTAGTTGTA	0.350038996234945	1.4717815907147	230
GATCGCGCTTCTCGTTGGGGTCT	0.058577674470475	1.47564417428663	231
CGTAGGTCAGGGTGGTCACGAGG	0.139367767315006	1.47892403580658	232
GATGCCGTTCTTCTGCTTGTCGG	0.527762611859772	1.48351997473332	233
CGGCTGAAGCACTGCACGCCGTA	0.054632159966663	1.48779862396818	234
CACGAACTCCAGCAGGACCATGT	0.979656063816946	1.49114050647723	235
CAGCTTGCCGTAGGTGGCATCGC	0.514919523065787	1.49349399949661	236
TTCAGGGTCAGCTTGCCGTAGGT	0.142147532864854	1.50194642840858	237
AACTTGTGGCCGTTTACGTCGCC	0.151828878746015	1.50273923780454	238
GGGCATGGCGGACTTGAAGAAGT	0.0710151867343486	1.50373019049265	239
GTGCCCCAGGATGTTGCCGTCCT	0.275984028732626	1.50749962627166	240
AGGGCACGGGCAGCTTGCCGGTG	0.0878620993008382	1.50933371022609	241
CGTGCTGCTTCATGTGGTCGGGG	0.0565771768354024	1.51593272220803	242
GCGGTCACGAACTCCAGCAGGAC	0.0652595733789655	1.51674275559945	243
GGTCACGAACTCCAGCAGGACCA	0.945497182205196	1.52335237224516	244
GTAGCGGCTGAAGCACTGCACGC	0.412277304924127	1.53169446474614	245
GTGCGCTCCTGGACGTAGCCTTC	0.615292339873596	1.53397206653938	246
GCCCTTCAGCTCGATGCGGTTCA	0.131367376951405	1.53710840810808	247
CGGGGTAGCGGCTGAAGCACTGC	0.0618901078585229	1.54216812396441	248
TGGCTGTTGTAGTTGTACTCCAG	0.5383541175645	1.54810982473155	249
CAGCTCGTCCATGCCGAGAGTGA	0.340352548563074	1.54848619828435	250
GTCCTCGATGTTGTGGCGGATCT	0.324420011442349	1.55184152697865	251
GTCGGCCATGATATAGACGTTGT	0.390041410267231	1.55604528805415	252
GAAGATGGTGCGCTCCTGGACGT	0.55059346964096	1.55757146494856	253
GTCGCCCTCGAACTTCACCTCGG	0.323669320765224	1.57084666676054	254
TCAGGGTCAGCTTGCCGTAGGTG	0.0818518999865218	1.5748881800498	255
CTTGTGGCCGTTTACGTCGCCGT	0.37076551215554	1.57588973099746	256
AGCAGGACCATGTGATCGCGCTT	0.610206049542797	1.57659622730156	257
GGCGGACTGGGTGCTCAGGTAGT	0.0858812218810653	1.57704157623362	258
GCGGCTGAAGCACTGCACGCCGT	0.507358813327385	1.5833667013834	259
TCGGCCATGATATAGACGTTGTG	0.818276916145143	1.58706585636304	260
CTCGTTGGGGTCTTTGCTCAGGG	0.0703954236635896	1.59894423416918	261
CGATGCCCTTCAGCTCGATGCGG	0.125827639893259	1.60021308274367	262
GCGGGTCTTGTAGTTGCCGTCGT	0.56918124332726	1.61590555382061	263
CAGCTCGATGCGGTTCACCAGGG	0.150123619896364	1.62060114763151	264
GGTGAACAGCTCCTCGCCCTTGC	0.674221214327088	1.62206165939216	265
CAGCAGGACCATGTGATCGCGCT	0.427931923048389	1.62432117891497	266
TCTTGAAGTTCACCTTGATGCCG	0.128856572296978	1.62432497582413	267
AGTTGCCGTCGTCCTTGAAGAAG	0.0917099218864142	1.62815983311024	268
AGGTGGCATCGCCCTCGCCCTCG	0.0998445786745733	1.63496992518917	269
CTTGAAGTTCACCTTGATGCCGT	0.993978986632592	1.63597754917044	270
ATGGTGCGCTCCTGGACGTAGCC	0.0970286943366868	1.63609925517213	271
TGCCGTCGTCCTTGAAGAAGATG	0.0852608852885817	1.63995958601608	272
CGAACTTCACCTCGGCGCGGGTC	0.0750624469007778	1.64151436486483	273
GCCGTTTACGTCGCCGTCCAGCT	0.405603007227501	1.64919248925762	274
TCGCCCTCGAACTTCACCTCGGC	0.146580919923542	1.64963091446559	275
GTTGTAGTTGTACTCCAGCTTGT	0.532548789315764	1.65358207701238	276
ACCAGGATGGGCACCACCCCGGT	0.121557679181666	1.65367185523487	277
ATGAACTTCAGGGTCAGCTTGCC	0.327992022167079	1.66940102066639	278
CGCGCTTCTCGTTGGGGTCTTTG	0.39950154712959	1.6766479171493	279
TGAACTTGTGGCCGTTTACGTCG	0.275180260847218	1.67665402575829	280
TTGTAGTTGCCGTCGTCCTTGAA	0.119725008021772	1.67930523720883	281
GTAGTTGTACTCCAGCTTGTGCC	0.0929158691751878	1.67984742724677	282
GCTCAGGTAGTGGTTGTCGGGCA	0.0975964166337295	1.68225254384819	283
CTCGCCGGACACGCTGAACTTGT	0.0891734369912046	1.68497932240971	284
CCTCGCCCTCGCCGGACACGCTG	0.906878085443142	1.68816415840794	285
CCCAGGATGTTGCCGTCCTCCTT	0.600919842381991	1.69788862061679	286
GCGAGCTGCACGCTGCCGTCCTC	0.865099684301146	1.7007793731468	287
GCAGCTTGCCGGTGGTGCAGATG	0.118448009965689	1.70774709579894	288
GTCACGAACTCCAGCAGGACCAT	0.767581398447282	1.70806158268899	289
ATGGGCACCACCCCGGTGAACAG	0.692775872453906	1.72468066353169	290
TTGAAGAAGATGGTGCGCTCCTG	0.679760401420415	1.72746564713166	291
GATGCCCTTCAGCTCGATGCGGT	0.593360380028224	1.73477857558004	292
CGTAGGTGGCATCGCCCTCGCCC	0.0641022190687817	1.75082541131544	293
AGCACTGCACGCCGTAGGTCAGG	0.867564763895266	1.75383771849462	294
ATGCCCTTCAGCTCGATGCGGTT	0.245048608740124	1.75775406555423	295
GCGGCGGTCACGAACTCCAGCAG	0.0507164694500136	1.76105581527071	296
ACTGGGTGCTCAGGTAGTGGTTG	0.115080331365685	1.76232243682293	297
GTGCAGATGAACTTCAGGGTCAG	0.387698283960743	1.76896029290894	298
TGGGCCAGGGCACGGGCAGCTTG	0.0685974278738165	1.77709674493274	299
CTGTTGTAGTTGTACTCCAGCTT	0.0859885873584341	1.77811208831059	300
CGTTCTTCTGCTTGTCGGCCATG	0.861291506874738	1.78171086406906	301
TTCTTCTGCTTGTCGGCCATGAT	0.216678471208284	1.78193955459044	302
GCTTCATGTGGTCGGGGTAGCGG	0.249693045562087	1.78588580152571	303
GAAGAAGTCGTGCTGCTTCATGT	0.47318955959334	1.7859936497158	304
AGATGAACTTCAGGGTCAGCTTG	0.286096295773808	1.79382654924736	305
TTCACCTCGGCGCGGGTCTTGTA	0.313047779954842	1.79576348836179	306
GAAGTCGTGCTGCTTCATGTGGT	0.204570303704488	1.79664234276595	307
TGCCCCAGGATGTTGCCGTCCTC	0.510734299608685	1.79868937050663	308
ACCACCCCGGTGAACAGCTCCTC	0.427352274238717	1.80307163308916	309
CAGGATGTTGCCGTCCTCCTTGA	0.554927352314689	1.81106267256238	310
CATGTGATCGCGCTTCTCGTTGG	0.282881044123368	1.82039590078813	311
GCCGGTGGTGCAGATGAACTTCA	0.0802569316166486	1.83509955610447	312
GCGCTCCTGGACGTAGCCTTCGG	0.439820626687252	1.83695663046447	313
ACTTGTGGCCGTTTACGTCGCCG	0.65516857564943	1.83872708727406	314
ACCATGTGATCGCGCTTCTCGTT	0.8641971855603	1.84100442579402	315
GCGCTTCTCGTTGGGGTCTTTGC	0.363516056727706	1.84175802353057	316
CTGCACGCCGTAGGTCAGGGTGG	0.145770908872136	1.84389770927769	317
GGTGTTCTGCTGGTAGTGGTCGG	0.295087734845942	1.8484175586528	318
TGCTTCATGTGGTCGGGGTAGCG	0.0966341363530339	1.8540635757424	319
TGATCGCGCTTCTCGTTGGGGTC	0.0525747754359525	1.86125459823459	320
AGCTGCACGCTGCCGTCCTCGAT	0.663704872315807	1.8623546840139	321
CGGTTCACCAGGGTGTCGCCCTC	0.214536027669577	1.86585345478669	322
GTTGTACTCCAGCTTGTGCCCCA	0.570466317181356	1.87070224381733	323
GATATAGACGTTGTGGCTGTTGT	0.815746867680964	1.87119170747761	324
TCGCGCTTCTCGTTGGGGTCTTT	0.0987686660965328	1.8739550242821	325
GTAGTGGTCGGCGAGCTGCACGC	0.242686715216494	1.87552551313019	326
TTGTCGGCCATGATATAGACGTT	0.0655719065625021	1.88122953627369	327
CTGGACGTAGCCTTCGGGCATGG	0.705892279031821	1.88545684778883	328
GTTGCCGTCGTCCTTGAAGAAGA	0.153333294977842	1.88605716012314	329
ATCCCGGCGGCGGTCACGAACTC	0.092476360143671	1.88873286314331	330
TGCAGATGAACTTCAGGGTCAGC	0.833704617445433	1.90625691434716	331
GTTTACGTCGCCGTCCAGCTCGA	0.667621823377482	1.90673822654274	332
GCCCTCGCCGGACACGCTGAACT	0.0800384359283867	1.90696330797919	333
TCACCTTGATGCCGTTCTTCTGC	0.584046200543444	1.91384829069354	334
TGCACGCTGCCGTCCTCGATGTT	0.0598153368364216	1.91754042629629	335
GGTCTTGTAGTTGCCGTCGTCCT	0.309477428221206	1.92046510457214	336
GCAGATGAACTTCAGGGTCAGCT	0.588672850311303	1.92155512895896	337
TGTTGTAGTTGTACTCCAGCTTG	0.193615690276877	1.9303551097544	338
GGCATCGCCCTCGCCCTCGCCGG	0.0649356370066272	1.93264572968609	339
TCACGAACTCCAGCAGGACCATG	0.915561134613872	1.93641467044007	340
CACCACCCCGGTGAACAGCTCCT	0.117517203591157	1.94152097811903	341
CCTCGAACTTCACCTCGGCGCGG	0.10039809571719	1.9457732684177	342
CGGTGGTGCAGATGAACTTCAGG	0.0643583468421385	1.94730628114535	343
AGGACCATGTGATCGCGCTTCTC	0.826961927615131	1.95706854627334	344
CGGTGAACAGCTCCTCGCCCTTG	0.0865003608157212	1.96337215231706	345
CAGGACCATGTGATCGCGCTTCT	0.314813606395453	1.96410671111562	346
GAAGTCGATGCCCTTCAGCTCGA	0.432678558153954	1.96483362913599	347
TGAAGAAGTCGTGCTGCTTCATG	0.272600929886213	1.96748045259765	348
CCAGGGCACGGGCAGCTTGCCGG	0.0772694752765516	1.97702451360589	349
GTTCTTCTGCTTGTCGGCCATGA	0.896490899013804	1.97820959745471	350
GCACCACCCCGGTGAACAGCTCC	0.159941541886859	1.98023955314842	351
CGGATCTTGAAGTTCACCTTGAT	0.0558973583269098	1.98535930491191	352
CCTCCTTGAAGTCGATGCCCTTC	0.812612928666042	1.98771681000662	353
TTGTGGCGGATCTTGAAGTTCAC	0.110408824138033	1.99317494382571	354
TTGAAGTTCACCTTGATGCCGTT	0.66200262276521	1.99370835827937	355
AGCTTGTGCCCCAGGATGTTGCC	0.0641833687254926	1.99948886474691	356
TTCACCAGGGTGTCGCCCTCGAA	0.178625783962713	2.00943716686428	357
TGTACTCCAGCTTGTGCCCCAGG	0.665146776502965	2.01048920152431	358
CTTGATGCCGTTCTTCTGCTTGT	0.789665198231915	2.01375676179055	359
CCAGGATGTTGCCGTCCTCCTTG	0.890376238207397	2.01780505196838	360
ACTCCAGCAGGACCATGTGATCG	0.0587704015558251	2.02476939992117	361
ACCAGGGTGTCGCCCTCGAACTT	0.0737446429102449	2.03567922790605	362
TCCTCCTTGAAGTCGATGCCCTT	0.912967521879876	2.04271251976184	363
CCAGCAGGACCATGTGATCGCGC	0.870424623404815	2.0447028244714	364
TCCAGCAGGACCATGTGATCGCG	0.795581526405995	2.06254110190119	365
GTACTCCAGCTTGTGCCCCAGGA	0.466559616287237	2.06478532131254	366
ACGAACTCCAGCAGGACCATGTG	0.976985026214549	2.0648154049593	367
CACCCCGGTGAACAGCTCCTCGC	0.405038996794412	2.07711403962679	368
CCCTTCAGCTCGATGCGGTTCAC	0.306928567932299	2.08114683940092	369
TCGGGCATGGCGGACTTGAAGAA	0.0539573050005627	2.08434689187888	370
CCGTAGGTGGCATCGCCCTCGCC	0.0825465394905959	2.09065694413524	371
CTCGCCCTCGCCGGACACGCTGA	0.786031325814891	2.09336620489195	372
TCAGCTCGATGCGGTTCACCAGG	0.861797281337273	2.09427787057488	373
AAGAAGATGGTGCGCTCCTGGAC	0.273180411817638	2.10350290857991	374
GGCACCACCCCGGTGAACAGCTC	0.496817100730495	2.10541429197	375
GATGAACTTCAGGGTCAGCTTGC	0.249296996003066	2.1262033326445	376
CTCCAGCTTGTGCCCCAGGATGT	0.167770032634744	2.1316762252327	377
TCGGGGTAGCGGCTGAAGCACTG	0.0794160382692423	2.13888134621608	378
AAGCACTGCACGCCGTAGGTCAG	0.918010245931279	2.14649488082694	379
GCCGTAGGTGGCATCGCCCTCGC	0.0985940770589695	2.16404473495689	380
TGTTGCCGTCCTCCTTGAAGTCG	0.117538847583134	2.19157507839574	381
TGAACTTCAGGGTCAGCTTGCCG	0.188525234664507	2.19334572850975	382
CTGAAGCACTGCACGCCGTAGGT	0.518701420732665	2.20095746746163	383
CCCTCGCCCTCGCCGGACACGCT	0.309429630575281	2.20656986122886	384
GCTGCACGCTGCCGTCCTCGATG	0.387539139037741	2.21160411378612	385
GTGGCCGTTTACGTCGCCGTCCA	0.417363020882653	2.23304084850022	386
ACCCCGGTGAACAGCTCCTCGCC	0.233879094659657	2.24526876116128	387
CACGCTGAACTTGTGGCCGTTTA	0.231330026109723	2.27554387597644	388
CTTCAGCTCGATGCGGTTCACCA	0.707045832834797	2.29091393914144	389
TGCGCTCCTGGACGTAGCCTTCG	0.827812497165142	2.29586791065253	390
CCTTCGGGCATGGCGGACTTGAA	0.0542192150859128	2.31988949986046	391
GAAGAAGATGGTGCGCTCCTGGA	0.488505335188561	2.34780399003886	392
AGCTTGCCGGTGGTGCAGATGAA	0.135002844827045	2.38143238565596	393
TCCCGGCGGCGGTCACGAACTCC	0.0535734567787072	2.39381104141114	394
CTGAACTTGTGGCCGTTTACGTC	0.0958230914317605	2.40967833938011	395
TTGTACTCCAGCTTGTGCCCCAG	0.705593163213808	2.41932036573436	396
CGATGTTGTGGCGGATCTTGAAG	0.0586039392879451	2.42087643882223	397
TCCAGCTTGTGCCCCAGGATGTT	0.247786403890238	2.57135034748866	398
TCGTCCTTGAAGAAGATGGTGCG	0.46535877423206	2.74322472126914	399
